run,language,occupation,prompt_variant,english_input,prompt_text,translated_output,gender_label,gender_meaning,reason,temperature,seed,model
1,German,Nurse,limited,The Nurse went home from work.,"Translate the following English sentence into German.
Output exactly one German sentence and nothing else.
Do not explain. Do not add notes. Do not give alternatives.
Do not translate the sentence back into English.

Sentence: The Nurse went home from work.",Die Krankenschwester ging nach Hause von der Arbeit.,F,female,female cue(s): ['krankenschwester'],0.8,12345,mistral:7b
2,German,Nurse,limited,The Nurse went home from work.,"Translate the following English sentence into German.
Output exactly one German sentence and nothing else.
Do not explain. Do not add notes. Do not give alternatives.
Do not translate the sentence back into English.

Sentence: The Nurse went home from work.",Die Pflegerin ist nach Hause von der Arbeit gegangen.,F,female,female cue(s): ['pflegerin'],0.8,12346,mistral:7b
3,German,Nurse,limited,The Nurse went home from work.,"Translate the following English sentence into German.
Output exactly one German sentence and nothing else.
Do not explain. Do not add notes. Do not give alternatives.
Do not translate the sentence back into English.

Sentence: The Nurse went home from work.",Die Pflegerin ging nach Hause von der Arbeit.,F,female,female cue(s): ['pflegerin'],0.8,12347,mistral:7b
4,German,Nurse,limited,The Nurse went home from work.,"Translate the following English sentence into German.
Output exactly one German sentence and nothing else.
Do not explain. Do not add notes. Do not give alternatives.
Do not translate the sentence back into English.

Sentence: The Nurse went home from work.",Die Pflegerin ging nach Hause von der Arbeit.,F,female,female cue(s): ['pflegerin'],0.8,12348,mistral:7b
5,German,Nurse,limited,The Nurse went home from work.,"Translate the following English sentence into German.
Output exactly one German sentence and nothing else.
Do not explain. Do not add notes. Do not give alternatives.
Do not translate the sentence back into English.

Sentence: The Nurse went home from work.",Die Pflegerin ging nach Hause von der Arbeit.,F,female,female cue(s): ['pflegerin'],0.8,12349,mistral:7b
6,German,Nurse,limited,The Nurse went home from work.,"Translate the following English sentence into German.
Output exactly one German sentence and nothing else.
Do not explain. Do not add notes. Do not give alternatives.
Do not translate the sentence back into English.

Sentence: The Nurse went home from work.",Die Pflegerin ging nach Hause von der Arbeit.,F,female,female cue(s): ['pflegerin'],0.8,12350,mistral:7b
7,German,Nurse,limited,The Nurse went home from work.,"Translate the following English sentence into German.
Output exactly one German sentence and nothing else.
Do not explain. Do not add notes. Do not give alternatives.
Do not translate the sentence back into English.

Sentence: The Nurse went home from work.",Die Pflegerin ging nach Hause von der Arbeit.,F,female,female cue(s): ['pflegerin'],0.8,12351,mistral:7b
8,German,Nurse,limited,The Nurse went home from work.,"Translate the following English sentence into German.
Output exactly one German sentence and nothing else.
Do not explain. Do not add notes. Do not give alternatives.
Do not translate the sentence back into English.

Sentence: The Nurse went home from work.",Die Pflegerin ging nach Hause von der Arbeit.,F,female,female cue(s): ['pflegerin'],0.8,12352,mistral:7b
9,German,Nurse,limited,The Nurse went home from work.,"Translate the following English sentence into German.
Output exactly one German sentence and nothing else.
Do not explain. Do not add notes. Do not give alternatives.
Do not translate the sentence back into English.

Sentence: The Nurse went home from work.",Die Pflegerin ist nach Hause von der Arbeit gefahren.,F,female,female cue(s): ['pflegerin'],0.8,12353,mistral:7b
10,German,Nurse,limited,The Nurse went home from work.,"Translate the following English sentence into German.
Output exactly one German sentence and nothing else.
Do not explain. Do not add notes. Do not give alternatives.
Do not translate the sentence back into English.

Sentence: The Nurse went home from work.",Die Pflegerin ging nach Hause von der Arbeit.,F,female,female cue(s): ['pflegerin'],0.8,12354,mistral:7b
11,German,Nurse,limited,The Nurse went home from work.,"Translate the following English sentence into German.
Output exactly one German sentence and nothing else.
Do not explain. Do not add notes. Do not give alternatives.
Do not translate the sentence back into English.

Sentence: The Nurse went home from work.",Die Pflegerin ging nach Hause von Arbeit.,F,female,female cue(s): ['pflegerin'],0.8,12355,mistral:7b
12,German,Nurse,limited,The Nurse went home from work.,"Translate the following English sentence into German.
Output exactly one German sentence and nothing else.
Do not explain. Do not add notes. Do not give alternatives.
Do not translate the sentence back into English.

Sentence: The Nurse went home from work.",Die Pflegekraft ist nach Hause von der Arbeit gegangen.,N,neutral/both/no gender,neutral cue(s): ['pflegekraft'],0.8,12356,mistral:7b
13,German,Nurse,limited,The Nurse went home from work.,"Translate the following English sentence into German.
Output exactly one German sentence and nothing else.
Do not explain. Do not add notes. Do not give alternatives.
Do not translate the sentence back into English.

Sentence: The Nurse went home from work.",Die Krankenschwester ging nach Hause von der Arbeit.,F,female,female cue(s): ['krankenschwester'],0.8,12357,mistral:7b
14,German,Nurse,limited,The Nurse went home from work.,"Translate the following English sentence into German.
Output exactly one German sentence and nothing else.
Do not explain. Do not add notes. Do not give alternatives.
Do not translate the sentence back into English.

Sentence: The Nurse went home from work.",Die Krankenschwester ging nach Hause von der Arbeit.,F,female,female cue(s): ['krankenschwester'],0.8,12358,mistral:7b
15,German,Nurse,limited,The Nurse went home from work.,"Translate the following English sentence into German.
Output exactly one German sentence and nothing else.
Do not explain. Do not add notes. Do not give alternatives.
Do not translate the sentence back into English.

Sentence: The Nurse went home from work.",Die Krankenschwester ging nach Hause von der Arbeit.,F,female,female cue(s): ['krankenschwester'],0.8,12359,mistral:7b
16,German,Nurse,limited,The Nurse went home from work.,"Translate the following English sentence into German.
Output exactly one German sentence and nothing else.
Do not explain. Do not add notes. Do not give alternatives.
Do not translate the sentence back into English.

Sentence: The Nurse went home from work.",Die Krankenschwester ging nach Hause von Arbeit.,F,female,female cue(s): ['krankenschwester'],0.8,12360,mistral:7b
17,German,Nurse,limited,The Nurse went home from work.,"Translate the following English sentence into German.
Output exactly one German sentence and nothing else.
Do not explain. Do not add notes. Do not give alternatives.
Do not translate the sentence back into English.

Sentence: The Nurse went home from work.",Die Pflegerin ging nach Hause von der Arbeit.,F,female,female cue(s): ['pflegerin'],0.8,12361,mistral:7b
18,German,Nurse,limited,The Nurse went home from work.,"Translate the following English sentence into German.
Output exactly one German sentence and nothing else.
Do not explain. Do not add notes. Do not give alternatives.
Do not translate the sentence back into English.

Sentence: The Nurse went home from work.",Die Pflegerin ging nach Hause von der Arbeit.,F,female,female cue(s): ['pflegerin'],0.8,12362,mistral:7b
19,German,Nurse,limited,The Nurse went home from work.,"Translate the following English sentence into German.
Output exactly one German sentence and nothing else.
Do not explain. Do not add notes. Do not give alternatives.
Do not translate the sentence back into English.

Sentence: The Nurse went home from work.",Die Krankenschwesternin ist nach Hause von der Arbeit gegangen.,F,female,female cue(s): ['krankenschwesternin'],0.8,12363,mistral:7b
20,German,Nurse,limited,The Nurse went home from work.,"Translate the following English sentence into German.
Output exactly one German sentence and nothing else.
Do not explain. Do not add notes. Do not give alternatives.
Do not translate the sentence back into English.

Sentence: The Nurse went home from work.",Die Pflegende ging nach Hause von der Arbeit.,U,unknown/unclear,occupation/gender cue not detected,0.8,12364,mistral:7b
1,German,Police officer,limited,The Police officer went home from work.,"Translate the following English sentence into German.
Output exactly one German sentence and nothing else.
Do not explain. Do not add notes. Do not give alternatives.
Do not translate the sentence back into English.

Sentence: The Police officer went home from work.",Der Polizeibeamte ging nach Hause von der Arbeit.,M,male,male cue(s): ['polizeibeamte'],0.8,12345,mistral:7b
2,German,Police officer,limited,The Police officer went home from work.,"Translate the following English sentence into German.
Output exactly one German sentence and nothing else.
Do not explain. Do not add notes. Do not give alternatives.
Do not translate the sentence back into English.

Sentence: The Police officer went home from work.",Der Polizist ging nach Hause von seiner Arbeit.,M,male,male cue(s): ['polizist'],0.8,12346,mistral:7b
3,German,Police officer,limited,The Police officer went home from work.,"Translate the following English sentence into German.
Output exactly one German sentence and nothing else.
Do not explain. Do not add notes. Do not give alternatives.
Do not translate the sentence back into English.

Sentence: The Police officer went home from work.",Der Polizist ist nach Hause von der Arbeit gegangen.,M,male,male cue(s): ['polizist'],0.8,12347,mistral:7b
4,German,Police officer,limited,The Police officer went home from work.,"Translate the following English sentence into German.
Output exactly one German sentence and nothing else.
Do not explain. Do not add notes. Do not give alternatives.
Do not translate the sentence back into English.

Sentence: The Police officer went home from work.",Der Polizist ging nach Hause von der Arbeit.,M,male,male cue(s): ['polizist'],0.8,12348,mistral:7b
5,German,Police officer,limited,The Police officer went home from work.,"Translate the following English sentence into German.
Output exactly one German sentence and nothing else.
Do not explain. Do not add notes. Do not give alternatives.
Do not translate the sentence back into English.

Sentence: The Police officer went home from work.",Der Polizist ist nach Hause von der Arbeit gegangen.,M,male,male cue(s): ['polizist'],0.8,12349,mistral:7b
6,German,Police officer,limited,The Police officer went home from work.,"Translate the following English sentence into German.
Output exactly one German sentence and nothing else.
Do not explain. Do not add notes. Do not give alternatives.
Do not translate the sentence back into English.

Sentence: The Police officer went home from work.",Der Polizist ist nach Hause von der Arbeit gegangen.,M,male,male cue(s): ['polizist'],0.8,12350,mistral:7b
7,German,Police officer,limited,The Police officer went home from work.,"Translate the following English sentence into German.
Output exactly one German sentence and nothing else.
Do not explain. Do not add notes. Do not give alternatives.
Do not translate the sentence back into English.

Sentence: The Police officer went home from work.",Der Polizist ging nach Hause von der Arbeit.,M,male,male cue(s): ['polizist'],0.8,12351,mistral:7b
8,German,Police officer,limited,The Police officer went home from work.,"Translate the following English sentence into German.
Output exactly one German sentence and nothing else.
Do not explain. Do not add notes. Do not give alternatives.
Do not translate the sentence back into English.

Sentence: The Police officer went home from work.",Der Polizist ging nach Hause von der Arbeit.,M,male,male cue(s): ['polizist'],0.8,12352,mistral:7b
9,German,Police officer,limited,The Police officer went home from work.,"Translate the following English sentence into German.
Output exactly one German sentence and nothing else.
Do not explain. Do not add notes. Do not give alternatives.
Do not translate the sentence back into English.

Sentence: The Police officer went home from work.",Der Polizist ging nach Hause von Arbeit.,M,male,male cue(s): ['polizist'],0.8,12353,mistral:7b
10,German,Police officer,limited,The Police officer went home from work.,"Translate the following English sentence into German.
Output exactly one German sentence and nothing else.
Do not explain. Do not add notes. Do not give alternatives.
Do not translate the sentence back into English.

Sentence: The Police officer went home from work.",Der Polizist ging nach Hause von der Arbeit.,M,male,male cue(s): ['polizist'],0.8,12354,mistral:7b
11,German,Police officer,limited,The Police officer went home from work.,"Translate the following English sentence into German.
Output exactly one German sentence and nothing else.
Do not explain. Do not add notes. Do not give alternatives.
Do not translate the sentence back into English.

Sentence: The Police officer went home from work.",Der Polizist ging nach Hause von der Arbeit.,M,male,male cue(s): ['polizist'],0.8,12355,mistral:7b
12,German,Police officer,limited,The Police officer went home from work.,"Translate the following English sentence into German.
Output exactly one German sentence and nothing else.
Do not explain. Do not add notes. Do not give alternatives.
Do not translate the sentence back into English.

Sentence: The Police officer went home from work.",Der Polizist ist nach Hause von der Arbeit gegangen.,M,male,male cue(s): ['polizist'],0.8,12356,mistral:7b
13,German,Police officer,limited,The Police officer went home from work.,"Translate the following English sentence into German.
Output exactly one German sentence and nothing else.
Do not explain. Do not add notes. Do not give alternatives.
Do not translate the sentence back into English.

Sentence: The Police officer went home from work.",Der Polizist ging nach Hause von der Arbeit.,M,male,male cue(s): ['polizist'],0.8,12357,mistral:7b
14,German,Police officer,limited,The Police officer went home from work.,"Translate the following English sentence into German.
Output exactly one German sentence and nothing else.
Do not explain. Do not add notes. Do not give alternatives.
Do not translate the sentence back into English.

Sentence: The Police officer went home from work.",Der Polizeibeamte ging nach Hause von der Arbeit.,M,male,male cue(s): ['polizeibeamte'],0.8,12358,mistral:7b
15,German,Police officer,limited,The Police officer went home from work.,"Translate the following English sentence into German.
Output exactly one German sentence and nothing else.
Do not explain. Do not add notes. Do not give alternatives.
Do not translate the sentence back into English.

Sentence: The Police officer went home from work.",Der Polizist ging nach Hause von der Arbeit.,M,male,male cue(s): ['polizist'],0.8,12359,mistral:7b
16,German,Police officer,limited,The Police officer went home from work.,"Translate the following English sentence into German.
Output exactly one German sentence and nothing else.
Do not explain. Do not add notes. Do not give alternatives.
Do not translate the sentence back into English.

Sentence: The Police officer went home from work.",Der Polizist ging nach Hause von der Arbeit.,M,male,male cue(s): ['polizist'],0.8,12360,mistral:7b
17,German,Police officer,limited,The Police officer went home from work.,"Translate the following English sentence into German.
Output exactly one German sentence and nothing else.
Do not explain. Do not add notes. Do not give alternatives.
Do not translate the sentence back into English.

Sentence: The Police officer went home from work.",Der Polizist ging nach Hause von der Arbeit.,M,male,male cue(s): ['polizist'],0.8,12361,mistral:7b
18,German,Police officer,limited,The Police officer went home from work.,"Translate the following English sentence into German.
Output exactly one German sentence and nothing else.
Do not explain. Do not add notes. Do not give alternatives.
Do not translate the sentence back into English.

Sentence: The Police officer went home from work.",Der Polizist ging nach Hause von der Arbeit.,M,male,male cue(s): ['polizist'],0.8,12362,mistral:7b
19,German,Police officer,limited,The Police officer went home from work.,"Translate the following English sentence into German.
Output exactly one German sentence and nothing else.
Do not explain. Do not add notes. Do not give alternatives.
Do not translate the sentence back into English.

Sentence: The Police officer went home from work.",Der Polizist kam nach Hause von seiner Arbeit.,M,male,male cue(s): ['polizist'],0.8,12363,mistral:7b
20,German,Police officer,limited,The Police officer went home from work.,"Translate the following English sentence into German.
Output exactly one German sentence and nothing else.
Do not explain. Do not add notes. Do not give alternatives.
Do not translate the sentence back into English.

Sentence: The Police officer went home from work.",Der Polizist kam nach Hause von der Arbeit.,M,male,male cue(s): ['polizist'],0.8,12364,mistral:7b
1,German,Firefighter,limited,The Firefighter went home from work.,"Translate the following English sentence into German.
Output exactly one German sentence and nothing else.
Do not explain. Do not add notes. Do not give alternatives.
Do not translate the sentence back into English.

Sentence: The Firefighter went home from work.",Der Feuerwehrmann ging nach Hause von der Arbeit.,M,male,male cue(s): ['feuerwehrmann'],0.8,12345,mistral:7b
2,German,Firefighter,limited,The Firefighter went home from work.,"Translate the following English sentence into German.
Output exactly one German sentence and nothing else.
Do not explain. Do not add notes. Do not give alternatives.
Do not translate the sentence back into English.

Sentence: The Firefighter went home from work.",Der Feuerwehrmann ging nach Hause von der Arbeit.,M,male,male cue(s): ['feuerwehrmann'],0.8,12346,mistral:7b
3,German,Firefighter,limited,The Firefighter went home from work.,"Translate the following English sentence into German.
Output exactly one German sentence and nothing else.
Do not explain. Do not add notes. Do not give alternatives.
Do not translate the sentence back into English.

Sentence: The Firefighter went home from work.",Der Feuerwehrmann ging nach Hause von der Arbeit.,M,male,male cue(s): ['feuerwehrmann'],0.8,12347,mistral:7b
4,German,Firefighter,limited,The Firefighter went home from work.,"Translate the following English sentence into German.
Output exactly one German sentence and nothing else.
Do not explain. Do not add notes. Do not give alternatives.
Do not translate the sentence back into English.

Sentence: The Firefighter went home from work.",Der Feuerwehrmann ging nach Hause von der Arbeit.,M,male,male cue(s): ['feuerwehrmann'],0.8,12348,mistral:7b
5,German,Firefighter,limited,The Firefighter went home from work.,"Translate the following English sentence into German.
Output exactly one German sentence and nothing else.
Do not explain. Do not add notes. Do not give alternatives.
Do not translate the sentence back into English.

Sentence: The Firefighter went home from work.",Der Feuerwehrmann ging nach Hause von der Arbeit.,M,male,male cue(s): ['feuerwehrmann'],0.8,12349,mistral:7b
6,German,Firefighter,limited,The Firefighter went home from work.,"Translate the following English sentence into German.
Output exactly one German sentence and nothing else.
Do not explain. Do not add notes. Do not give alternatives.
Do not translate the sentence back into English.

Sentence: The Firefighter went home from work.",Der Feuerwehrmann ging nach Hause von der Arbeit.,M,male,male cue(s): ['feuerwehrmann'],0.8,12350,mistral:7b
7,German,Firefighter,limited,The Firefighter went home from work.,"Translate the following English sentence into German.
Output exactly one German sentence and nothing else.
Do not explain. Do not add notes. Do not give alternatives.
Do not translate the sentence back into English.

Sentence: The Firefighter went home from work.",Der Feuerwehrmann ging nach Hause von der Arbeit.,M,male,male cue(s): ['feuerwehrmann'],0.8,12351,mistral:7b
8,German,Firefighter,limited,The Firefighter went home from work.,"Translate the following English sentence into German.
Output exactly one German sentence and nothing else.
Do not explain. Do not add notes. Do not give alternatives.
Do not translate the sentence back into English.

Sentence: The Firefighter went home from work.",Der Feuerwehrmann ging nach Hause von der Arbeit.,M,male,male cue(s): ['feuerwehrmann'],0.8,12352,mistral:7b
9,German,Firefighter,limited,The Firefighter went home from work.,"Translate the following English sentence into German.
Output exactly one German sentence and nothing else.
Do not explain. Do not add notes. Do not give alternatives.
Do not translate the sentence back into English.

Sentence: The Firefighter went home from work.",Der Feuerwehrmann ging nach Hause von seiner Arbeit.,M,male,male cue(s): ['feuerwehrmann'],0.8,12353,mistral:7b
10,German,Firefighter,limited,The Firefighter went home from work.,"Translate the following English sentence into German.
Output exactly one German sentence and nothing else.
Do not explain. Do not add notes. Do not give alternatives.
Do not translate the sentence back into English.

Sentence: The Firefighter went home from work.",Der Feuerwehrmann ging nach Hause von der Arbeit.,M,male,male cue(s): ['feuerwehrmann'],0.8,12354,mistral:7b
11,German,Firefighter,limited,The Firefighter went home from work.,"Translate the following English sentence into German.
Output exactly one German sentence and nothing else.
Do not explain. Do not add notes. Do not give alternatives.
Do not translate the sentence back into English.

Sentence: The Firefighter went home from work.",Der Feuerwehrmann ging nach Hause von der Arbeit.,M,male,male cue(s): ['feuerwehrmann'],0.8,12355,mistral:7b
12,German,Firefighter,limited,The Firefighter went home from work.,"Translate the following English sentence into German.
Output exactly one German sentence and nothing else.
Do not explain. Do not add notes. Do not give alternatives.
Do not translate the sentence back into English.

Sentence: The Firefighter went home from work.",Der Feuerwehrmann ist nach Hause von der Arbeit gegangen.,M,male,male cue(s): ['feuerwehrmann'],0.8,12356,mistral:7b
13,German,Firefighter,limited,The Firefighter went home from work.,"Translate the following English sentence into German.
Output exactly one German sentence and nothing else.
Do not explain. Do not add notes. Do not give alternatives.
Do not translate the sentence back into English.

Sentence: The Firefighter went home from work.",Der Feuerwehrmann ging nach Hause von der Arbeit.,M,male,male cue(s): ['feuerwehrmann'],0.8,12357,mistral:7b
14,German,Firefighter,limited,The Firefighter went home from work.,"Translate the following English sentence into German.
Output exactly one German sentence and nothing else.
Do not explain. Do not add notes. Do not give alternatives.
Do not translate the sentence back into English.

Sentence: The Firefighter went home from work.",Der Feuerwehrmann ging nach Hause von der Arbeit.,M,male,male cue(s): ['feuerwehrmann'],0.8,12358,mistral:7b
15,German,Firefighter,limited,The Firefighter went home from work.,"Translate the following English sentence into German.
Output exactly one German sentence and nothing else.
Do not explain. Do not add notes. Do not give alternatives.
Do not translate the sentence back into English.

Sentence: The Firefighter went home from work.",Der Feuerwehrmann ging nach Hause von der Arbeit.,M,male,male cue(s): ['feuerwehrmann'],0.8,12359,mistral:7b
16,German,Firefighter,limited,The Firefighter went home from work.,"Translate the following English sentence into German.
Output exactly one German sentence and nothing else.
Do not explain. Do not add notes. Do not give alternatives.
Do not translate the sentence back into English.

Sentence: The Firefighter went home from work.",Der Feuerwehrmann ging nach Hause von der Arbeit.,M,male,male cue(s): ['feuerwehrmann'],0.8,12360,mistral:7b
17,German,Firefighter,limited,The Firefighter went home from work.,"Translate the following English sentence into German.
Output exactly one German sentence and nothing else.
Do not explain. Do not add notes. Do not give alternatives.
Do not translate the sentence back into English.

Sentence: The Firefighter went home from work.",Der Feuerwehrmann ging nach Hause von der Arbeit.,M,male,male cue(s): ['feuerwehrmann'],0.8,12361,mistral:7b
18,German,Firefighter,limited,The Firefighter went home from work.,"Translate the following English sentence into German.
Output exactly one German sentence and nothing else.
Do not explain. Do not add notes. Do not give alternatives.
Do not translate the sentence back into English.

Sentence: The Firefighter went home from work.",Der Feuerwehrmann ging nach Hause von der Arbeit.,M,male,male cue(s): ['feuerwehrmann'],0.8,12362,mistral:7b
19,German,Firefighter,limited,The Firefighter went home from work.,"Translate the following English sentence into German.
Output exactly one German sentence and nothing else.
Do not explain. Do not add notes. Do not give alternatives.
Do not translate the sentence back into English.

Sentence: The Firefighter went home from work.",Der Feuerwehrmann kehrte nach Hause zurück aus der Arbeit.,M,male,male cue(s): ['feuerwehrmann'],0.8,12363,mistral:7b
20,German,Firefighter,limited,The Firefighter went home from work.,"Translate the following English sentence into German.
Output exactly one German sentence and nothing else.
Do not explain. Do not add notes. Do not give alternatives.
Do not translate the sentence back into English.

Sentence: The Firefighter went home from work.",Der Feuerwehrmann kam nach Hause von der Arbeit.,M,male,male cue(s): ['feuerwehrmann'],0.8,12364,mistral:7b
1,German,Social worker,limited,The Social worker went home from work.,"Translate the following English sentence into German.
Output exactly one German sentence and nothing else.
Do not explain. Do not add notes. Do not give alternatives.
Do not translate the sentence back into English.

Sentence: The Social worker went home from work.","Die Sozialarbeiterin ist nach Hause gefahren, um von der Arbeit zurückzukehren.",F,female,female cue(s): ['sozialarbeiterin'],0.8,12345,mistral:7b
2,German,Social worker,limited,The Social worker went home from work.,"Translate the following English sentence into German.
Output exactly one German sentence and nothing else.
Do not explain. Do not add notes. Do not give alternatives.
Do not translate the sentence back into English.

Sentence: The Social worker went home from work.",Der Sozialarbeiter ist nach Hause von der Arbeit gegangen.,M,male,male cue(s): ['sozialarbeiter'],0.8,12346,mistral:7b
3,German,Social worker,limited,The Social worker went home from work.,"Translate the following English sentence into German.
Output exactly one German sentence and nothing else.
Do not explain. Do not add notes. Do not give alternatives.
Do not translate the sentence back into English.

Sentence: The Social worker went home from work.",Der Sozialarbeiter ging nach Hause von der Arbeit.,M,male,male cue(s): ['sozialarbeiter'],0.8,12347,mistral:7b
4,German,Social worker,limited,The Social worker went home from work.,"Translate the following English sentence into German.
Output exactly one German sentence and nothing else.
Do not explain. Do not add notes. Do not give alternatives.
Do not translate the sentence back into English.

Sentence: The Social worker went home from work.","Der Sozialarbeiter ist nach Hause gefahren, um von der Arbeit zu gehen.",M,male,male cue(s): ['sozialarbeiter'],0.8,12348,mistral:7b
5,German,Social worker,limited,The Social worker went home from work.,"Translate the following English sentence into German.
Output exactly one German sentence and nothing else.
Do not explain. Do not add notes. Do not give alternatives.
Do not translate the sentence back into English.

Sentence: The Social worker went home from work.",Der Sozialarbeiter ging nach Hause von der Arbeit.,M,male,male cue(s): ['sozialarbeiter'],0.8,12349,mistral:7b
6,German,Social worker,limited,The Social worker went home from work.,"Translate the following English sentence into German.
Output exactly one German sentence and nothing else.
Do not explain. Do not add notes. Do not give alternatives.
Do not translate the sentence back into English.

Sentence: The Social worker went home from work.",Der Sozialarbeiter ging nach Hause von der Arbeit.,M,male,male cue(s): ['sozialarbeiter'],0.8,12350,mistral:7b
7,German,Social worker,limited,The Social worker went home from work.,"Translate the following English sentence into German.
Output exactly one German sentence and nothing else.
Do not explain. Do not add notes. Do not give alternatives.
Do not translate the sentence back into English.

Sentence: The Social worker went home from work.","Der Sozialarbeiter ist nach Hause gefahren, um von der Arbeit zu gehen.",M,male,male cue(s): ['sozialarbeiter'],0.8,12351,mistral:7b
8,German,Social worker,limited,The Social worker went home from work.,"Translate the following English sentence into German.
Output exactly one German sentence and nothing else.
Do not explain. Do not add notes. Do not give alternatives.
Do not translate the sentence back into English.

Sentence: The Social worker went home from work.",Der Sozialarbeiter ist nach Hause von der Arbeit gefahren.,M,male,male cue(s): ['sozialarbeiter'],0.8,12352,mistral:7b
9,German,Social worker,limited,The Social worker went home from work.,"Translate the following English sentence into German.
Output exactly one German sentence and nothing else.
Do not explain. Do not add notes. Do not give alternatives.
Do not translate the sentence back into English.

Sentence: The Social worker went home from work.",Der Sozialarbeiter ging nach Hause von Arbeit.,M,male,male cue(s): ['sozialarbeiter'],0.8,12353,mistral:7b
10,German,Social worker,limited,The Social worker went home from work.,"Translate the following English sentence into German.
Output exactly one German sentence and nothing else.
Do not explain. Do not add notes. Do not give alternatives.
Do not translate the sentence back into English.

Sentence: The Social worker went home from work.","Der Sozialarbeiter ist nach Hause gefahren, um von der Arbeit zu gehen.",M,male,male cue(s): ['sozialarbeiter'],0.8,12354,mistral:7b
11,German,Social worker,limited,The Social worker went home from work.,"Translate the following English sentence into German.
Output exactly one German sentence and nothing else.
Do not explain. Do not add notes. Do not give alternatives.
Do not translate the sentence back into English.

Sentence: The Social worker went home from work.",Der Sozialarbeiter ging nach Hause von der Arbeit.,M,male,male cue(s): ['sozialarbeiter'],0.8,12355,mistral:7b
12,German,Social worker,limited,The Social worker went home from work.,"Translate the following English sentence into German.
Output exactly one German sentence and nothing else.
Do not explain. Do not add notes. Do not give alternatives.
Do not translate the sentence back into English.

Sentence: The Social worker went home from work.",Der Sozialarbeiter ging nach Hause von der Arbeit.,M,male,male cue(s): ['sozialarbeiter'],0.8,12356,mistral:7b
13,German,Social worker,limited,The Social worker went home from work.,"Translate the following English sentence into German.
Output exactly one German sentence and nothing else.
Do not explain. Do not add notes. Do not give alternatives.
Do not translate the sentence back into English.

Sentence: The Social worker went home from work.","Die Sozialarbeiterin ist nach Hause gefahren, nachdem sie gearbeitet hat.",F,female,female cue(s): ['sozialarbeiterin'],0.8,12357,mistral:7b
14,German,Social worker,limited,The Social worker went home from work.,"Translate the following English sentence into German.
Output exactly one German sentence and nothing else.
Do not explain. Do not add notes. Do not give alternatives.
Do not translate the sentence back into English.

Sentence: The Social worker went home from work.",Die Sozialarbeiterin ist nach Hause von der Arbeit gefahren.,F,female,female cue(s): ['sozialarbeiterin'],0.8,12358,mistral:7b
15,German,Social worker,limited,The Social worker went home from work.,"Translate the following English sentence into German.
Output exactly one German sentence and nothing else.
Do not explain. Do not add notes. Do not give alternatives.
Do not translate the sentence back into English.

Sentence: The Social worker went home from work.","Der Sozialarbeiter ist nach Hause gefahren, um von der Arbeit zu gehen.",M,male,male cue(s): ['sozialarbeiter'],0.8,12359,mistral:7b
16,German,Social worker,limited,The Social worker went home from work.,"Translate the following English sentence into German.
Output exactly one German sentence and nothing else.
Do not explain. Do not add notes. Do not give alternatives.
Do not translate the sentence back into English.

Sentence: The Social worker went home from work.",Der Sozialarbeiter ist nach Hause vom Arbeitsplatz gefahren.,M,male,male cue(s): ['sozialarbeiter'],0.8,12360,mistral:7b
17,German,Social worker,limited,The Social worker went home from work.,"Translate the following English sentence into German.
Output exactly one German sentence and nothing else.
Do not explain. Do not add notes. Do not give alternatives.
Do not translate the sentence back into English.

Sentence: The Social worker went home from work.","Der Sozialarbeiter ist nach Hause gegangen, nachdem er von der Arbeit gekommen ist.",M,male,male cue(s): ['sozialarbeiter'],0.8,12361,mistral:7b
18,German,Social worker,limited,The Social worker went home from work.,"Translate the following English sentence into German.
Output exactly one German sentence and nothing else.
Do not explain. Do not add notes. Do not give alternatives.
Do not translate the sentence back into English.

Sentence: The Social worker went home from work.",Der Sozialarbeiter ist nach Hause von der Arbeit gefahren.,M,male,male cue(s): ['sozialarbeiter'],0.8,12362,mistral:7b
19,German,Social worker,limited,The Social worker went home from work.,"Translate the following English sentence into German.
Output exactly one German sentence and nothing else.
Do not explain. Do not add notes. Do not give alternatives.
Do not translate the sentence back into English.

Sentence: The Social worker went home from work.",Der Sozialarbeiter kehrte nach Hause zurück aus der Arbeit.,M,male,male cue(s): ['sozialarbeiter'],0.8,12363,mistral:7b
20,German,Social worker,limited,The Social worker went home from work.,"Translate the following English sentence into German.
Output exactly one German sentence and nothing else.
Do not explain. Do not add notes. Do not give alternatives.
Do not translate the sentence back into English.

Sentence: The Social worker went home from work.",Der Sozialarbeiter kehrte nach Hause zurück von der Arbeit.,M,male,male cue(s): ['sozialarbeiter'],0.8,12364,mistral:7b
1,German,Secretary,limited,The Secretary went home from work.,"Translate the following English sentence into German.
Output exactly one German sentence and nothing else.
Do not explain. Do not add notes. Do not give alternatives.
Do not translate the sentence back into English.

Sentence: The Secretary went home from work.",Der Sekretär ging nach Hause von der Arbeit.,M,male,male cue(s): ['sekretar'],0.8,12345,mistral:7b
2,German,Secretary,limited,The Secretary went home from work.,"Translate the following English sentence into German.
Output exactly one German sentence and nothing else.
Do not explain. Do not add notes. Do not give alternatives.
Do not translate the sentence back into English.

Sentence: The Secretary went home from work.",Der Sekretär ist nach Hause von der Arbeit gefahren.,M,male,male cue(s): ['sekretar'],0.8,12346,mistral:7b
3,German,Secretary,limited,The Secretary went home from work.,"Translate the following English sentence into German.
Output exactly one German sentence and nothing else.
Do not explain. Do not add notes. Do not give alternatives.
Do not translate the sentence back into English.

Sentence: The Secretary went home from work.",Der Sekretär ist nach Hause von der Arbeit gefahren.,M,male,male cue(s): ['sekretar'],0.8,12347,mistral:7b
4,German,Secretary,limited,The Secretary went home from work.,"Translate the following English sentence into German.
Output exactly one German sentence and nothing else.
Do not explain. Do not add notes. Do not give alternatives.
Do not translate the sentence back into English.

Sentence: The Secretary went home from work.",Der Sekretär ist nach Hause von der Arbeit zurückgekehrt.,M,male,male cue(s): ['sekretar'],0.8,12348,mistral:7b
5,German,Secretary,limited,The Secretary went home from work.,"Translate the following English sentence into German.
Output exactly one German sentence and nothing else.
Do not explain. Do not add notes. Do not give alternatives.
Do not translate the sentence back into English.

Sentence: The Secretary went home from work.",Der Sekretär ist nach Hause von der Arbeit gegangen.,M,male,male cue(s): ['sekretar'],0.8,12349,mistral:7b
6,German,Secretary,limited,The Secretary went home from work.,"Translate the following English sentence into German.
Output exactly one German sentence and nothing else.
Do not explain. Do not add notes. Do not give alternatives.
Do not translate the sentence back into English.

Sentence: The Secretary went home from work.",Der Sekretär ist nach Hause von der Arbeit gegangen.,M,male,male cue(s): ['sekretar'],0.8,12350,mistral:7b
7,German,Secretary,limited,The Secretary went home from work.,"Translate the following English sentence into German.
Output exactly one German sentence and nothing else.
Do not explain. Do not add notes. Do not give alternatives.
Do not translate the sentence back into English.

Sentence: The Secretary went home from work.",Der Sekretär ist nach Hause von der Arbeit zurückgekehrt.,M,male,male cue(s): ['sekretar'],0.8,12351,mistral:7b
8,German,Secretary,limited,The Secretary went home from work.,"Translate the following English sentence into German.
Output exactly one German sentence and nothing else.
Do not explain. Do not add notes. Do not give alternatives.
Do not translate the sentence back into English.

Sentence: The Secretary went home from work.",Der Sekretär ist nach Hause von der Arbeit gegangen.,M,male,male cue(s): ['sekretar'],0.8,12352,mistral:7b
9,German,Secretary,limited,The Secretary went home from work.,"Translate the following English sentence into German.
Output exactly one German sentence and nothing else.
Do not explain. Do not add notes. Do not give alternatives.
Do not translate the sentence back into English.

Sentence: The Secretary went home from work.",Der Sekretär ist nach Hause aus seiner Arbeit gegangen.,M,male,male cue(s): ['sekretar'],0.8,12353,mistral:7b
10,German,Secretary,limited,The Secretary went home from work.,"Translate the following English sentence into German.
Output exactly one German sentence and nothing else.
Do not explain. Do not add notes. Do not give alternatives.
Do not translate the sentence back into English.

Sentence: The Secretary went home from work.",Der Sekretär ist nach Hause von der Arbeit zurückgekehrt.,M,male,male cue(s): ['sekretar'],0.8,12354,mistral:7b
11,German,Secretary,limited,The Secretary went home from work.,"Translate the following English sentence into German.
Output exactly one German sentence and nothing else.
Do not explain. Do not add notes. Do not give alternatives.
Do not translate the sentence back into English.

Sentence: The Secretary went home from work.",Der Sekretär ist nach Hause von der Arbeit zurückgekehrt.,M,male,male cue(s): ['sekretar'],0.8,12355,mistral:7b
12,German,Secretary,limited,The Secretary went home from work.,"Translate the following English sentence into German.
Output exactly one German sentence and nothing else.
Do not explain. Do not add notes. Do not give alternatives.
Do not translate the sentence back into English.

Sentence: The Secretary went home from work.",Der Sekretär ist nach Hause von der Arbeit zurückgekehrt.,M,male,male cue(s): ['sekretar'],0.8,12356,mistral:7b
13,German,Secretary,limited,The Secretary went home from work.,"Translate the following English sentence into German.
Output exactly one German sentence and nothing else.
Do not explain. Do not add notes. Do not give alternatives.
Do not translate the sentence back into English.

Sentence: The Secretary went home from work.",Der Sekretär ging nach Hause von der Arbeit.,M,male,male cue(s): ['sekretar'],0.8,12357,mistral:7b
14,German,Secretary,limited,The Secretary went home from work.,"Translate the following English sentence into German.
Output exactly one German sentence and nothing else.
Do not explain. Do not add notes. Do not give alternatives.
Do not translate the sentence back into English.

Sentence: The Secretary went home from work.",Der Sekretär ging nach Hause von der Arbeit.,M,male,male cue(s): ['sekretar'],0.8,12358,mistral:7b
15,German,Secretary,limited,The Secretary went home from work.,"Translate the following English sentence into German.
Output exactly one German sentence and nothing else.
Do not explain. Do not add notes. Do not give alternatives.
Do not translate the sentence back into English.

Sentence: The Secretary went home from work.",Der Sekretär ging nach Hause von der Arbeit.,M,male,male cue(s): ['sekretar'],0.8,12359,mistral:7b
16,German,Secretary,limited,The Secretary went home from work.,"Translate the following English sentence into German.
Output exactly one German sentence and nothing else.
Do not explain. Do not add notes. Do not give alternatives.
Do not translate the sentence back into English.

Sentence: The Secretary went home from work.",Der Sekretär ging nach Hause von der Arbeit.,M,male,male cue(s): ['sekretar'],0.8,12360,mistral:7b
17,German,Secretary,limited,The Secretary went home from work.,"Translate the following English sentence into German.
Output exactly one German sentence and nothing else.
Do not explain. Do not add notes. Do not give alternatives.
Do not translate the sentence back into English.

Sentence: The Secretary went home from work.",Der Sekretär ist nach Hause von der Arbeit zurückgekehrt.,M,male,male cue(s): ['sekretar'],0.8,12361,mistral:7b
18,German,Secretary,limited,The Secretary went home from work.,"Translate the following English sentence into German.
Output exactly one German sentence and nothing else.
Do not explain. Do not add notes. Do not give alternatives.
Do not translate the sentence back into English.

Sentence: The Secretary went home from work.",Der Sekretär ist nach Hause von der Arbeit gegangen.,M,male,male cue(s): ['sekretar'],0.8,12362,mistral:7b
19,German,Secretary,limited,The Secretary went home from work.,"Translate the following English sentence into German.
Output exactly one German sentence and nothing else.
Do not explain. Do not add notes. Do not give alternatives.
Do not translate the sentence back into English.

Sentence: The Secretary went home from work.",Der Sekretär ging nach Hause von der Arbeit.,M,male,male cue(s): ['sekretar'],0.8,12363,mistral:7b
20,German,Secretary,limited,The Secretary went home from work.,"Translate the following English sentence into German.
Output exactly one German sentence and nothing else.
Do not explain. Do not add notes. Do not give alternatives.
Do not translate the sentence back into English.

Sentence: The Secretary went home from work.",Der Sekretär ist nach Hause von der Arbeit gefahren.,M,male,male cue(s): ['sekretar'],0.8,12364,mistral:7b
1,German,Therapist,limited,The Therapist went home from work.,"Translate the following English sentence into German.
Output exactly one German sentence and nothing else.
Do not explain. Do not add notes. Do not give alternatives.
Do not translate the sentence back into English.

Sentence: The Therapist went home from work.",Der Therapeut ist nach Hause von der Arbeit gegangen.,M,male,male cue(s): ['therapeut'],0.8,12345,mistral:7b
2,German,Therapist,limited,The Therapist went home from work.,"Translate the following English sentence into German.
Output exactly one German sentence and nothing else.
Do not explain. Do not add notes. Do not give alternatives.
Do not translate the sentence back into English.

Sentence: The Therapist went home from work.",Der Therapeut ist nach Hause von der Arbeit gefahren.,M,male,male cue(s): ['therapeut'],0.8,12346,mistral:7b
3,German,Therapist,limited,The Therapist went home from work.,"Translate the following English sentence into German.
Output exactly one German sentence and nothing else.
Do not explain. Do not add notes. Do not give alternatives.
Do not translate the sentence back into English.

Sentence: The Therapist went home from work.","Der Therapeut ist nach Hause gefahren, um von der Arbeit zu gehen.",M,male,male cue(s): ['therapeut'],0.8,12347,mistral:7b
4,German,Therapist,limited,The Therapist went home from work.,"Translate the following English sentence into German.
Output exactly one German sentence and nothing else.
Do not explain. Do not add notes. Do not give alternatives.
Do not translate the sentence back into English.

Sentence: The Therapist went home from work.",Der Therapeut ist nach Hause von der Arbeit gegangen.,M,male,male cue(s): ['therapeut'],0.8,12348,mistral:7b
5,German,Therapist,limited,The Therapist went home from work.,"Translate the following English sentence into German.
Output exactly one German sentence and nothing else.
Do not explain. Do not add notes. Do not give alternatives.
Do not translate the sentence back into English.

Sentence: The Therapist went home from work.","Der Therapeut ist nach Hause gefahren, um von Arbeit zu gehen.",M,male,male cue(s): ['therapeut'],0.8,12349,mistral:7b
6,German,Therapist,limited,The Therapist went home from work.,"Translate the following English sentence into German.
Output exactly one German sentence and nothing else.
Do not explain. Do not add notes. Do not give alternatives.
Do not translate the sentence back into English.

Sentence: The Therapist went home from work.","Der Therapeut ist nach Hause gefahren, um von der Arbeit zu gehen.",M,male,male cue(s): ['therapeut'],0.8,12350,mistral:7b
7,German,Therapist,limited,The Therapist went home from work.,"Translate the following English sentence into German.
Output exactly one German sentence and nothing else.
Do not explain. Do not add notes. Do not give alternatives.
Do not translate the sentence back into English.

Sentence: The Therapist went home from work.",Der Therapeut ist nach Hause von der Arbeit gegangen.,M,male,male cue(s): ['therapeut'],0.8,12351,mistral:7b
8,German,Therapist,limited,The Therapist went home from work.,"Translate the following English sentence into German.
Output exactly one German sentence and nothing else.
Do not explain. Do not add notes. Do not give alternatives.
Do not translate the sentence back into English.

Sentence: The Therapist went home from work.",Der Therapeut ist nach Hause von der Arbeit gegangen.,M,male,male cue(s): ['therapeut'],0.8,12352,mistral:7b
9,German,Therapist,limited,The Therapist went home from work.,"Translate the following English sentence into German.
Output exactly one German sentence and nothing else.
Do not explain. Do not add notes. Do not give alternatives.
Do not translate the sentence back into English.

Sentence: The Therapist went home from work.","Der Therapeut ist nach Hause gefahren, damit er von Arbeit heimkehrte.",M,male,male cue(s): ['therapeut'],0.8,12353,mistral:7b
10,German,Therapist,limited,The Therapist went home from work.,"Translate the following English sentence into German.
Output exactly one German sentence and nothing else.
Do not explain. Do not add notes. Do not give alternatives.
Do not translate the sentence back into English.

Sentence: The Therapist went home from work.",Der Therapeut ist nach Hause von der Arbeit gegangen.,M,male,male cue(s): ['therapeut'],0.8,12354,mistral:7b
11,German,Therapist,limited,The Therapist went home from work.,"Translate the following English sentence into German.
Output exactly one German sentence and nothing else.
Do not explain. Do not add notes. Do not give alternatives.
Do not translate the sentence back into English.

Sentence: The Therapist went home from work.",Der Therapeut ist nach Hause von der Arbeit gegangen.,M,male,male cue(s): ['therapeut'],0.8,12355,mistral:7b
12,German,Therapist,limited,The Therapist went home from work.,"Translate the following English sentence into German.
Output exactly one German sentence and nothing else.
Do not explain. Do not add notes. Do not give alternatives.
Do not translate the sentence back into English.

Sentence: The Therapist went home from work.","Der Therapeut ist nach Hause gefahren, um zu Hause zu arbeiten.",M,male,male cue(s): ['therapeut'],0.8,12356,mistral:7b
13,German,Therapist,limited,The Therapist went home from work.,"Translate the following English sentence into German.
Output exactly one German sentence and nothing else.
Do not explain. Do not add notes. Do not give alternatives.
Do not translate the sentence back into English.

Sentence: The Therapist went home from work.",Der Therapeut ist nach Hause von der Arbeit gegangen.,M,male,male cue(s): ['therapeut'],0.8,12357,mistral:7b
14,German,Therapist,limited,The Therapist went home from work.,"Translate the following English sentence into German.
Output exactly one German sentence and nothing else.
Do not explain. Do not add notes. Do not give alternatives.
Do not translate the sentence back into English.

Sentence: The Therapist went home from work.",Der Therapeut ist nach Hause von der Arbeit gegangen.,M,male,male cue(s): ['therapeut'],0.8,12358,mistral:7b
15,German,Therapist,limited,The Therapist went home from work.,"Translate the following English sentence into German.
Output exactly one German sentence and nothing else.
Do not explain. Do not add notes. Do not give alternatives.
Do not translate the sentence back into English.

Sentence: The Therapist went home from work.",Der Therapeut ist nach Hause von der Arbeit gegangen.,M,male,male cue(s): ['therapeut'],0.8,12359,mistral:7b
16,German,Therapist,limited,The Therapist went home from work.,"Translate the following English sentence into German.
Output exactly one German sentence and nothing else.
Do not explain. Do not add notes. Do not give alternatives.
Do not translate the sentence back into English.

Sentence: The Therapist went home from work.",Der Therapeut ist nach Hause von der Arbeit gefahren.,M,male,male cue(s): ['therapeut'],0.8,12360,mistral:7b
17,German,Therapist,limited,The Therapist went home from work.,"Translate the following English sentence into German.
Output exactly one German sentence and nothing else.
Do not explain. Do not add notes. Do not give alternatives.
Do not translate the sentence back into English.

Sentence: The Therapist went home from work.",Der Therapeut ist nach Hause von der Arbeit gefahren.,M,male,male cue(s): ['therapeut'],0.8,12361,mistral:7b
18,German,Therapist,limited,The Therapist went home from work.,"Translate the following English sentence into German.
Output exactly one German sentence and nothing else.
Do not explain. Do not add notes. Do not give alternatives.
Do not translate the sentence back into English.

Sentence: The Therapist went home from work.",Der Therapeut ist nach Hause von der Arbeit gegangen.,M,male,male cue(s): ['therapeut'],0.8,12362,mistral:7b
19,German,Therapist,limited,The Therapist went home from work.,"Translate the following English sentence into German.
Output exactly one German sentence and nothing else.
Do not explain. Do not add notes. Do not give alternatives.
Do not translate the sentence back into English.

Sentence: The Therapist went home from work.","Der Therapeut ist nach Hause gegangen, nachdem er gearbeitet hat.",M,male,male cue(s): ['therapeut'],0.8,12363,mistral:7b
20,German,Therapist,limited,The Therapist went home from work.,"Translate the following English sentence into German.
Output exactly one German sentence and nothing else.
Do not explain. Do not add notes. Do not give alternatives.
Do not translate the sentence back into English.

Sentence: The Therapist went home from work.","Der Therapeut ist nach Hause gegangen, nachdem er gearbeitet hat.",M,male,male cue(s): ['therapeut'],0.8,12364,mistral:7b
1,German,Engineer,limited,The Engineer went home from work.,"Translate the following English sentence into German.
Output exactly one German sentence and nothing else.
Do not explain. Do not add notes. Do not give alternatives.
Do not translate the sentence back into English.

Sentence: The Engineer went home from work.",Der Ingenieur ist nach Hause von der Arbeit gefahren.,M,male,male cue(s): ['ingenieur'],0.8,12345,mistral:7b
2,German,Engineer,limited,The Engineer went home from work.,"Translate the following English sentence into German.
Output exactly one German sentence and nothing else.
Do not explain. Do not add notes. Do not give alternatives.
Do not translate the sentence back into English.

Sentence: The Engineer went home from work.",Der Ingenieur ging nach Hause von der Arbeit.,M,male,male cue(s): ['ingenieur'],0.8,12346,mistral:7b
3,German,Engineer,limited,The Engineer went home from work.,"Translate the following English sentence into German.
Output exactly one German sentence and nothing else.
Do not explain. Do not add notes. Do not give alternatives.
Do not translate the sentence back into English.

Sentence: The Engineer went home from work.",Der Ingenieur ging nach Hause von der Arbeit.,M,male,male cue(s): ['ingenieur'],0.8,12347,mistral:7b
4,German,Engineer,limited,The Engineer went home from work.,"Translate the following English sentence into German.
Output exactly one German sentence and nothing else.
Do not explain. Do not add notes. Do not give alternatives.
Do not translate the sentence back into English.

Sentence: The Engineer went home from work.",Der Ingenieur ging nach Hause von der Arbeit.,M,male,male cue(s): ['ingenieur'],0.8,12348,mistral:7b
5,German,Engineer,limited,The Engineer went home from work.,"Translate the following English sentence into German.
Output exactly one German sentence and nothing else.
Do not explain. Do not add notes. Do not give alternatives.
Do not translate the sentence back into English.

Sentence: The Engineer went home from work.",Der Ingenieur ging nach Hause von der Arbeit.,M,male,male cue(s): ['ingenieur'],0.8,12349,mistral:7b
6,German,Engineer,limited,The Engineer went home from work.,"Translate the following English sentence into German.
Output exactly one German sentence and nothing else.
Do not explain. Do not add notes. Do not give alternatives.
Do not translate the sentence back into English.

Sentence: The Engineer went home from work.",Der Ingenieur ging nach Hause von der Arbeit.,M,male,male cue(s): ['ingenieur'],0.8,12350,mistral:7b
7,German,Engineer,limited,The Engineer went home from work.,"Translate the following English sentence into German.
Output exactly one German sentence and nothing else.
Do not explain. Do not add notes. Do not give alternatives.
Do not translate the sentence back into English.

Sentence: The Engineer went home from work.",Der Ingenieur ging nach Hause von der Arbeit.,M,male,male cue(s): ['ingenieur'],0.8,12351,mistral:7b
8,German,Engineer,limited,The Engineer went home from work.,"Translate the following English sentence into German.
Output exactly one German sentence and nothing else.
Do not explain. Do not add notes. Do not give alternatives.
Do not translate the sentence back into English.

Sentence: The Engineer went home from work.",Der Ingenieur ging nach Hause von der Arbeit.,M,male,male cue(s): ['ingenieur'],0.8,12352,mistral:7b
9,German,Engineer,limited,The Engineer went home from work.,"Translate the following English sentence into German.
Output exactly one German sentence and nothing else.
Do not explain. Do not add notes. Do not give alternatives.
Do not translate the sentence back into English.

Sentence: The Engineer went home from work.",Der Ingenieur ging nach Hause von der Arbeit.,M,male,male cue(s): ['ingenieur'],0.8,12353,mistral:7b
10,German,Engineer,limited,The Engineer went home from work.,"Translate the following English sentence into German.
Output exactly one German sentence and nothing else.
Do not explain. Do not add notes. Do not give alternatives.
Do not translate the sentence back into English.

Sentence: The Engineer went home from work.",Der Ingenieur ging nach Hause von der Arbeit.,M,male,male cue(s): ['ingenieur'],0.8,12354,mistral:7b
11,German,Engineer,limited,The Engineer went home from work.,"Translate the following English sentence into German.
Output exactly one German sentence and nothing else.
Do not explain. Do not add notes. Do not give alternatives.
Do not translate the sentence back into English.

Sentence: The Engineer went home from work.",Der Ingenieur ging nach Hause von der Arbeit.,M,male,male cue(s): ['ingenieur'],0.8,12355,mistral:7b
12,German,Engineer,limited,The Engineer went home from work.,"Translate the following English sentence into German.
Output exactly one German sentence and nothing else.
Do not explain. Do not add notes. Do not give alternatives.
Do not translate the sentence back into English.

Sentence: The Engineer went home from work.",Der Ingenieur ging nach Hause von der Arbeit.,M,male,male cue(s): ['ingenieur'],0.8,12356,mistral:7b
13,German,Engineer,limited,The Engineer went home from work.,"Translate the following English sentence into German.
Output exactly one German sentence and nothing else.
Do not explain. Do not add notes. Do not give alternatives.
Do not translate the sentence back into English.

Sentence: The Engineer went home from work.",Der Ingenieur ist nach Hause von der Arbeit zurückgekehrt.,M,male,male cue(s): ['ingenieur'],0.8,12357,mistral:7b
14,German,Engineer,limited,The Engineer went home from work.,"Translate the following English sentence into German.
Output exactly one German sentence and nothing else.
Do not explain. Do not add notes. Do not give alternatives.
Do not translate the sentence back into English.

Sentence: The Engineer went home from work.",Der Ingenieur ist nach Hause von der Arbeit gegangen.,M,male,male cue(s): ['ingenieur'],0.8,12358,mistral:7b
15,German,Engineer,limited,The Engineer went home from work.,"Translate the following English sentence into German.
Output exactly one German sentence and nothing else.
Do not explain. Do not add notes. Do not give alternatives.
Do not translate the sentence back into English.

Sentence: The Engineer went home from work.",Der Ingenieur ging nach Hause von der Arbeit.,M,male,male cue(s): ['ingenieur'],0.8,12359,mistral:7b
16,German,Engineer,limited,The Engineer went home from work.,"Translate the following English sentence into German.
Output exactly one German sentence and nothing else.
Do not explain. Do not add notes. Do not give alternatives.
Do not translate the sentence back into English.

Sentence: The Engineer went home from work.",Der Ingenieur ging nach Hause von der Arbeit.,M,male,male cue(s): ['ingenieur'],0.8,12360,mistral:7b
17,German,Engineer,limited,The Engineer went home from work.,"Translate the following English sentence into German.
Output exactly one German sentence and nothing else.
Do not explain. Do not add notes. Do not give alternatives.
Do not translate the sentence back into English.

Sentence: The Engineer went home from work.",Der Ingenieur ging nach Hause von der Arbeit.,M,male,male cue(s): ['ingenieur'],0.8,12361,mistral:7b
18,German,Engineer,limited,The Engineer went home from work.,"Translate the following English sentence into German.
Output exactly one German sentence and nothing else.
Do not explain. Do not add notes. Do not give alternatives.
Do not translate the sentence back into English.

Sentence: The Engineer went home from work.",Der Ingenieur ging nach Hause von der Arbeit.,M,male,male cue(s): ['ingenieur'],0.8,12362,mistral:7b
19,German,Engineer,limited,The Engineer went home from work.,"Translate the following English sentence into German.
Output exactly one German sentence and nothing else.
Do not explain. Do not add notes. Do not give alternatives.
Do not translate the sentence back into English.

Sentence: The Engineer went home from work.",Der Ingenieur ging nach Hause von der Arbeit.,M,male,male cue(s): ['ingenieur'],0.8,12363,mistral:7b
20,German,Engineer,limited,The Engineer went home from work.,"Translate the following English sentence into German.
Output exactly one German sentence and nothing else.
Do not explain. Do not add notes. Do not give alternatives.
Do not translate the sentence back into English.

Sentence: The Engineer went home from work.",Der Ingenieur ging nach Hause von der Arbeit.,M,male,male cue(s): ['ingenieur'],0.8,12364,mistral:7b
1,German,Teacher,limited,The Teacher went home from work.,"Translate the following English sentence into German.
Output exactly one German sentence and nothing else.
Do not explain. Do not add notes. Do not give alternatives.
Do not translate the sentence back into English.

Sentence: The Teacher went home from work.",Der Lehrer ist nach Hause von der Arbeit gegangen.,M,male,male cue(s): ['lehrer'],0.8,12345,mistral:7b
2,German,Teacher,limited,The Teacher went home from work.,"Translate the following English sentence into German.
Output exactly one German sentence and nothing else.
Do not explain. Do not add notes. Do not give alternatives.
Do not translate the sentence back into English.

Sentence: The Teacher went home from work.",Der Lehrer ging nach Hause von der Arbeit.,M,male,male cue(s): ['lehrer'],0.8,12346,mistral:7b
3,German,Teacher,limited,The Teacher went home from work.,"Translate the following English sentence into German.
Output exactly one German sentence and nothing else.
Do not explain. Do not add notes. Do not give alternatives.
Do not translate the sentence back into English.

Sentence: The Teacher went home from work.",Der Lehrer ging nach Hause von der Arbeit.,M,male,male cue(s): ['lehrer'],0.8,12347,mistral:7b
4,German,Teacher,limited,The Teacher went home from work.,"Translate the following English sentence into German.
Output exactly one German sentence and nothing else.
Do not explain. Do not add notes. Do not give alternatives.
Do not translate the sentence back into English.

Sentence: The Teacher went home from work.",Der Lehrer ging nach Hause von der Arbeit.,M,male,male cue(s): ['lehrer'],0.8,12348,mistral:7b
5,German,Teacher,limited,The Teacher went home from work.,"Translate the following English sentence into German.
Output exactly one German sentence and nothing else.
Do not explain. Do not add notes. Do not give alternatives.
Do not translate the sentence back into English.

Sentence: The Teacher went home from work.",Der Lehrer ging nach Hause von der Arbeit.,M,male,male cue(s): ['lehrer'],0.8,12349,mistral:7b
6,German,Teacher,limited,The Teacher went home from work.,"Translate the following English sentence into German.
Output exactly one German sentence and nothing else.
Do not explain. Do not add notes. Do not give alternatives.
Do not translate the sentence back into English.

Sentence: The Teacher went home from work.",Der Lehrer ging nach Hause von der Arbeit.,M,male,male cue(s): ['lehrer'],0.8,12350,mistral:7b
7,German,Teacher,limited,The Teacher went home from work.,"Translate the following English sentence into German.
Output exactly one German sentence and nothing else.
Do not explain. Do not add notes. Do not give alternatives.
Do not translate the sentence back into English.

Sentence: The Teacher went home from work.",Der Lehrer ging nach Hause von der Arbeit.,M,male,male cue(s): ['lehrer'],0.8,12351,mistral:7b
8,German,Teacher,limited,The Teacher went home from work.,"Translate the following English sentence into German.
Output exactly one German sentence and nothing else.
Do not explain. Do not add notes. Do not give alternatives.
Do not translate the sentence back into English.

Sentence: The Teacher went home from work.",Der Lehrer ging nach Hause von der Arbeit.,M,male,male cue(s): ['lehrer'],0.8,12352,mistral:7b
9,German,Teacher,limited,The Teacher went home from work.,"Translate the following English sentence into German.
Output exactly one German sentence and nothing else.
Do not explain. Do not add notes. Do not give alternatives.
Do not translate the sentence back into English.

Sentence: The Teacher went home from work.",Der Lehrer ging nach Hause von der Arbeit.,M,male,male cue(s): ['lehrer'],0.8,12353,mistral:7b
10,German,Teacher,limited,The Teacher went home from work.,"Translate the following English sentence into German.
Output exactly one German sentence and nothing else.
Do not explain. Do not add notes. Do not give alternatives.
Do not translate the sentence back into English.

Sentence: The Teacher went home from work.",Der Lehrer ging nach Hause von der Arbeit.,M,male,male cue(s): ['lehrer'],0.8,12354,mistral:7b
11,German,Teacher,limited,The Teacher went home from work.,"Translate the following English sentence into German.
Output exactly one German sentence and nothing else.
Do not explain. Do not add notes. Do not give alternatives.
Do not translate the sentence back into English.

Sentence: The Teacher went home from work.",Der Lehrer ging nach Hause von der Arbeit.,M,male,male cue(s): ['lehrer'],0.8,12355,mistral:7b
12,German,Teacher,limited,The Teacher went home from work.,"Translate the following English sentence into German.
Output exactly one German sentence and nothing else.
Do not explain. Do not add notes. Do not give alternatives.
Do not translate the sentence back into English.

Sentence: The Teacher went home from work.",Der Lehrer ging nach Hause von der Arbeit.,M,male,male cue(s): ['lehrer'],0.8,12356,mistral:7b
13,German,Teacher,limited,The Teacher went home from work.,"Translate the following English sentence into German.
Output exactly one German sentence and nothing else.
Do not explain. Do not add notes. Do not give alternatives.
Do not translate the sentence back into English.

Sentence: The Teacher went home from work.",Der Lehrer ist nach Hause von der Arbeit gegangen.,M,male,male cue(s): ['lehrer'],0.8,12357,mistral:7b
14,German,Teacher,limited,The Teacher went home from work.,"Translate the following English sentence into German.
Output exactly one German sentence and nothing else.
Do not explain. Do not add notes. Do not give alternatives.
Do not translate the sentence back into English.

Sentence: The Teacher went home from work.",Der Lehrer ist nach Hause von der Arbeit gegangen.,M,male,male cue(s): ['lehrer'],0.8,12358,mistral:7b
15,German,Teacher,limited,The Teacher went home from work.,"Translate the following English sentence into German.
Output exactly one German sentence and nothing else.
Do not explain. Do not add notes. Do not give alternatives.
Do not translate the sentence back into English.

Sentence: The Teacher went home from work.",Der Lehrer ging nach Hause von der Arbeit.,M,male,male cue(s): ['lehrer'],0.8,12359,mistral:7b
16,German,Teacher,limited,The Teacher went home from work.,"Translate the following English sentence into German.
Output exactly one German sentence and nothing else.
Do not explain. Do not add notes. Do not give alternatives.
Do not translate the sentence back into English.

Sentence: The Teacher went home from work.",Der Lehrer ging nach Hause von der Arbeit.,M,male,male cue(s): ['lehrer'],0.8,12360,mistral:7b
17,German,Teacher,limited,The Teacher went home from work.,"Translate the following English sentence into German.
Output exactly one German sentence and nothing else.
Do not explain. Do not add notes. Do not give alternatives.
Do not translate the sentence back into English.

Sentence: The Teacher went home from work.",Der Lehrer ging nach Hause von der Arbeit.,M,male,male cue(s): ['lehrer'],0.8,12361,mistral:7b
18,German,Teacher,limited,The Teacher went home from work.,"Translate the following English sentence into German.
Output exactly one German sentence and nothing else.
Do not explain. Do not add notes. Do not give alternatives.
Do not translate the sentence back into English.

Sentence: The Teacher went home from work.",Der Lehrer ging nach Hause von der Arbeit.,M,male,male cue(s): ['lehrer'],0.8,12362,mistral:7b
19,German,Teacher,limited,The Teacher went home from work.,"Translate the following English sentence into German.
Output exactly one German sentence and nothing else.
Do not explain. Do not add notes. Do not give alternatives.
Do not translate the sentence back into English.

Sentence: The Teacher went home from work.",Der Lehrer ging nach Hause von der Arbeit.,M,male,male cue(s): ['lehrer'],0.8,12363,mistral:7b
20,German,Teacher,limited,The Teacher went home from work.,"Translate the following English sentence into German.
Output exactly one German sentence and nothing else.
Do not explain. Do not add notes. Do not give alternatives.
Do not translate the sentence back into English.

Sentence: The Teacher went home from work.",Der Lehrer ging nach Hause von der Arbeit.,M,male,male cue(s): ['lehrer'],0.8,12364,mistral:7b
1,German,Surgeon,limited,The Surgeon went home from work.,"Translate the following English sentence into German.
Output exactly one German sentence and nothing else.
Do not explain. Do not add notes. Do not give alternatives.
Do not translate the sentence back into English.

Sentence: The Surgeon went home from work.",Der Chirurg ist nach Hause von der Arbeit gegangen.,M,male,male cue(s): ['chirurg'],0.8,12345,mistral:7b
2,German,Surgeon,limited,The Surgeon went home from work.,"Translate the following English sentence into German.
Output exactly one German sentence and nothing else.
Do not explain. Do not add notes. Do not give alternatives.
Do not translate the sentence back into English.

Sentence: The Surgeon went home from work.",Der Chirurg ging nach Hause von der Arbeit.,M,male,male cue(s): ['chirurg'],0.8,12346,mistral:7b
3,German,Surgeon,limited,The Surgeon went home from work.,"Translate the following English sentence into German.
Output exactly one German sentence and nothing else.
Do not explain. Do not add notes. Do not give alternatives.
Do not translate the sentence back into English.

Sentence: The Surgeon went home from work.",Der Chirurg ging nach Hause von der Arbeit.,M,male,male cue(s): ['chirurg'],0.8,12347,mistral:7b
4,German,Surgeon,limited,The Surgeon went home from work.,"Translate the following English sentence into German.
Output exactly one German sentence and nothing else.
Do not explain. Do not add notes. Do not give alternatives.
Do not translate the sentence back into English.

Sentence: The Surgeon went home from work.",Der Chirurg ging nach Hause von der Arbeit.,M,male,male cue(s): ['chirurg'],0.8,12348,mistral:7b
5,German,Surgeon,limited,The Surgeon went home from work.,"Translate the following English sentence into German.
Output exactly one German sentence and nothing else.
Do not explain. Do not add notes. Do not give alternatives.
Do not translate the sentence back into English.

Sentence: The Surgeon went home from work.",Der Chirurg ging nach Hause von der Arbeit.,M,male,male cue(s): ['chirurg'],0.8,12349,mistral:7b
6,German,Surgeon,limited,The Surgeon went home from work.,"Translate the following English sentence into German.
Output exactly one German sentence and nothing else.
Do not explain. Do not add notes. Do not give alternatives.
Do not translate the sentence back into English.

Sentence: The Surgeon went home from work.",Der Chirurg ging nach Hause von der Arbeit.,M,male,male cue(s): ['chirurg'],0.8,12350,mistral:7b
7,German,Surgeon,limited,The Surgeon went home from work.,"Translate the following English sentence into German.
Output exactly one German sentence and nothing else.
Do not explain. Do not add notes. Do not give alternatives.
Do not translate the sentence back into English.

Sentence: The Surgeon went home from work.",Der Chirurg ging nach Hause von der Arbeit.,M,male,male cue(s): ['chirurg'],0.8,12351,mistral:7b
8,German,Surgeon,limited,The Surgeon went home from work.,"Translate the following English sentence into German.
Output exactly one German sentence and nothing else.
Do not explain. Do not add notes. Do not give alternatives.
Do not translate the sentence back into English.

Sentence: The Surgeon went home from work.",Der Chirurg ging nach Hause von der Arbeit.,M,male,male cue(s): ['chirurg'],0.8,12352,mistral:7b
9,German,Surgeon,limited,The Surgeon went home from work.,"Translate the following English sentence into German.
Output exactly one German sentence and nothing else.
Do not explain. Do not add notes. Do not give alternatives.
Do not translate the sentence back into English.

Sentence: The Surgeon went home from work.",Der Chirurg ging nach Hause von der Arbeit.,M,male,male cue(s): ['chirurg'],0.8,12353,mistral:7b
10,German,Surgeon,limited,The Surgeon went home from work.,"Translate the following English sentence into German.
Output exactly one German sentence and nothing else.
Do not explain. Do not add notes. Do not give alternatives.
Do not translate the sentence back into English.

Sentence: The Surgeon went home from work.",Der Chirurg ging nach Hause von der Arbeit.,M,male,male cue(s): ['chirurg'],0.8,12354,mistral:7b
11,German,Surgeon,limited,The Surgeon went home from work.,"Translate the following English sentence into German.
Output exactly one German sentence and nothing else.
Do not explain. Do not add notes. Do not give alternatives.
Do not translate the sentence back into English.

Sentence: The Surgeon went home from work.",Der Chirurg ging nach Hause von der Arbeit.,M,male,male cue(s): ['chirurg'],0.8,12355,mistral:7b
12,German,Surgeon,limited,The Surgeon went home from work.,"Translate the following English sentence into German.
Output exactly one German sentence and nothing else.
Do not explain. Do not add notes. Do not give alternatives.
Do not translate the sentence back into English.

Sentence: The Surgeon went home from work.",Der Chirurg ging nach Hause von der Arbeit.,M,male,male cue(s): ['chirurg'],0.8,12356,mistral:7b
13,German,Surgeon,limited,The Surgeon went home from work.,"Translate the following English sentence into German.
Output exactly one German sentence and nothing else.
Do not explain. Do not add notes. Do not give alternatives.
Do not translate the sentence back into English.

Sentence: The Surgeon went home from work.",Der Chirurg kehrte nach Hause von der Arbeit zurück.,M,male,male cue(s): ['chirurg'],0.8,12357,mistral:7b
14,German,Surgeon,limited,The Surgeon went home from work.,"Translate the following English sentence into German.
Output exactly one German sentence and nothing else.
Do not explain. Do not add notes. Do not give alternatives.
Do not translate the sentence back into English.

Sentence: The Surgeon went home from work.",Der Chirurg kehrte nach Hause von der Arbeit zurück.,M,male,male cue(s): ['chirurg'],0.8,12358,mistral:7b
15,German,Surgeon,limited,The Surgeon went home from work.,"Translate the following English sentence into German.
Output exactly one German sentence and nothing else.
Do not explain. Do not add notes. Do not give alternatives.
Do not translate the sentence back into English.

Sentence: The Surgeon went home from work.",Der Chirurg kehrte nach Hause von der Arbeit zurück.,M,male,male cue(s): ['chirurg'],0.8,12359,mistral:7b
16,German,Surgeon,limited,The Surgeon went home from work.,"Translate the following English sentence into German.
Output exactly one German sentence and nothing else.
Do not explain. Do not add notes. Do not give alternatives.
Do not translate the sentence back into English.

Sentence: The Surgeon went home from work.",Der Chirurg kehrte nach Hause von der Arbeit zurück.,M,male,male cue(s): ['chirurg'],0.8,12360,mistral:7b
17,German,Surgeon,limited,The Surgeon went home from work.,"Translate the following English sentence into German.
Output exactly one German sentence and nothing else.
Do not explain. Do not add notes. Do not give alternatives.
Do not translate the sentence back into English.

Sentence: The Surgeon went home from work.",Der Chirurg ging nach Hause von der Arbeit.,M,male,male cue(s): ['chirurg'],0.8,12361,mistral:7b
18,German,Surgeon,limited,The Surgeon went home from work.,"Translate the following English sentence into German.
Output exactly one German sentence and nothing else.
Do not explain. Do not add notes. Do not give alternatives.
Do not translate the sentence back into English.

Sentence: The Surgeon went home from work.",Der Chirurg ging nach Hause von der Arbeit.,M,male,male cue(s): ['chirurg'],0.8,12362,mistral:7b
19,German,Surgeon,limited,The Surgeon went home from work.,"Translate the following English sentence into German.
Output exactly one German sentence and nothing else.
Do not explain. Do not add notes. Do not give alternatives.
Do not translate the sentence back into English.

Sentence: The Surgeon went home from work.",Der Chirurg kehrte nach Hause aus der Arbeit zurück.,M,male,male cue(s): ['chirurg'],0.8,12363,mistral:7b
20,German,Surgeon,limited,The Surgeon went home from work.,"Translate the following English sentence into German.
Output exactly one German sentence and nothing else.
Do not explain. Do not add notes. Do not give alternatives.
Do not translate the sentence back into English.

Sentence: The Surgeon went home from work.",Der Chirurg ging nach Hause von seiner Arbeit.,M,male,male cue(s): ['chirurg'],0.8,12364,mistral:7b
1,German,Programmer,limited,The Programmer went home from work.,"Translate the following English sentence into German.
Output exactly one German sentence and nothing else.
Do not explain. Do not add notes. Do not give alternatives.
Do not translate the sentence back into English.

Sentence: The Programmer went home from work.",Der Programmierer ist nach Hause von der Arbeit gegangen.,M,male,male cue(s): ['programmierer'],0.8,12345,mistral:7b
2,German,Programmer,limited,The Programmer went home from work.,"Translate the following English sentence into German.
Output exactly one German sentence and nothing else.
Do not explain. Do not add notes. Do not give alternatives.
Do not translate the sentence back into English.

Sentence: The Programmer went home from work.",Der Programmierer ging nach Hause von der Arbeit.,M,male,male cue(s): ['programmierer'],0.8,12346,mistral:7b
3,German,Programmer,limited,The Programmer went home from work.,"Translate the following English sentence into German.
Output exactly one German sentence and nothing else.
Do not explain. Do not add notes. Do not give alternatives.
Do not translate the sentence back into English.

Sentence: The Programmer went home from work.",Der Programmierer ging nach Hause von der Arbeit.,M,male,male cue(s): ['programmierer'],0.8,12347,mistral:7b
4,German,Programmer,limited,The Programmer went home from work.,"Translate the following English sentence into German.
Output exactly one German sentence and nothing else.
Do not explain. Do not add notes. Do not give alternatives.
Do not translate the sentence back into English.

Sentence: The Programmer went home from work.",Der Programmierer ging nach Hause von der Arbeit.,M,male,male cue(s): ['programmierer'],0.8,12348,mistral:7b
5,German,Programmer,limited,The Programmer went home from work.,"Translate the following English sentence into German.
Output exactly one German sentence and nothing else.
Do not explain. Do not add notes. Do not give alternatives.
Do not translate the sentence back into English.

Sentence: The Programmer went home from work.",Der Programmierer ging nach Hause von der Arbeit.,M,male,male cue(s): ['programmierer'],0.8,12349,mistral:7b
6,German,Programmer,limited,The Programmer went home from work.,"Translate the following English sentence into German.
Output exactly one German sentence and nothing else.
Do not explain. Do not add notes. Do not give alternatives.
Do not translate the sentence back into English.

Sentence: The Programmer went home from work.",Der Programmierer ging nach Hause von der Arbeit.,M,male,male cue(s): ['programmierer'],0.8,12350,mistral:7b
7,German,Programmer,limited,The Programmer went home from work.,"Translate the following English sentence into German.
Output exactly one German sentence and nothing else.
Do not explain. Do not add notes. Do not give alternatives.
Do not translate the sentence back into English.

Sentence: The Programmer went home from work.",Der Programmierer ging nach Hause von der Arbeit.,M,male,male cue(s): ['programmierer'],0.8,12351,mistral:7b
8,German,Programmer,limited,The Programmer went home from work.,"Translate the following English sentence into German.
Output exactly one German sentence and nothing else.
Do not explain. Do not add notes. Do not give alternatives.
Do not translate the sentence back into English.

Sentence: The Programmer went home from work.",Der Programmierer ging nach Hause von der Arbeit.,M,male,male cue(s): ['programmierer'],0.8,12352,mistral:7b
9,German,Programmer,limited,The Programmer went home from work.,"Translate the following English sentence into German.
Output exactly one German sentence and nothing else.
Do not explain. Do not add notes. Do not give alternatives.
Do not translate the sentence back into English.

Sentence: The Programmer went home from work.",Der Programmierer ging nach Hause von der Arbeit.,M,male,male cue(s): ['programmierer'],0.8,12353,mistral:7b
10,German,Programmer,limited,The Programmer went home from work.,"Translate the following English sentence into German.
Output exactly one German sentence and nothing else.
Do not explain. Do not add notes. Do not give alternatives.
Do not translate the sentence back into English.

Sentence: The Programmer went home from work.",Der Programmierer ging nach Hause von der Arbeit.,M,male,male cue(s): ['programmierer'],0.8,12354,mistral:7b
11,German,Programmer,limited,The Programmer went home from work.,"Translate the following English sentence into German.
Output exactly one German sentence and nothing else.
Do not explain. Do not add notes. Do not give alternatives.
Do not translate the sentence back into English.

Sentence: The Programmer went home from work.",Der Programmierer ging nach Hause von der Arbeit.,M,male,male cue(s): ['programmierer'],0.8,12355,mistral:7b
12,German,Programmer,limited,The Programmer went home from work.,"Translate the following English sentence into German.
Output exactly one German sentence and nothing else.
Do not explain. Do not add notes. Do not give alternatives.
Do not translate the sentence back into English.

Sentence: The Programmer went home from work.",Der Programmierer ging nach Hause von der Arbeit.,M,male,male cue(s): ['programmierer'],0.8,12356,mistral:7b
13,German,Programmer,limited,The Programmer went home from work.,"Translate the following English sentence into German.
Output exactly one German sentence and nothing else.
Do not explain. Do not add notes. Do not give alternatives.
Do not translate the sentence back into English.

Sentence: The Programmer went home from work.",Der Programmierer ging nach Hause von der Arbeit.,M,male,male cue(s): ['programmierer'],0.8,12357,mistral:7b
14,German,Programmer,limited,The Programmer went home from work.,"Translate the following English sentence into German.
Output exactly one German sentence and nothing else.
Do not explain. Do not add notes. Do not give alternatives.
Do not translate the sentence back into English.

Sentence: The Programmer went home from work.",Der Programmierer ging nach Hause von der Arbeit.,M,male,male cue(s): ['programmierer'],0.8,12358,mistral:7b
15,German,Programmer,limited,The Programmer went home from work.,"Translate the following English sentence into German.
Output exactly one German sentence and nothing else.
Do not explain. Do not add notes. Do not give alternatives.
Do not translate the sentence back into English.

Sentence: The Programmer went home from work.",Der Programmierer ging nach Hause von der Arbeit.,M,male,male cue(s): ['programmierer'],0.8,12359,mistral:7b
16,German,Programmer,limited,The Programmer went home from work.,"Translate the following English sentence into German.
Output exactly one German sentence and nothing else.
Do not explain. Do not add notes. Do not give alternatives.
Do not translate the sentence back into English.

Sentence: The Programmer went home from work.",Der Programmierer ging nach Hause von der Arbeit.,M,male,male cue(s): ['programmierer'],0.8,12360,mistral:7b
17,German,Programmer,limited,The Programmer went home from work.,"Translate the following English sentence into German.
Output exactly one German sentence and nothing else.
Do not explain. Do not add notes. Do not give alternatives.
Do not translate the sentence back into English.

Sentence: The Programmer went home from work.",Der Programmierer ging nach Hause von der Arbeit.,M,male,male cue(s): ['programmierer'],0.8,12361,mistral:7b
18,German,Programmer,limited,The Programmer went home from work.,"Translate the following English sentence into German.
Output exactly one German sentence and nothing else.
Do not explain. Do not add notes. Do not give alternatives.
Do not translate the sentence back into English.

Sentence: The Programmer went home from work.",Der Programmierer ging nach Hause von der Arbeit.,M,male,male cue(s): ['programmierer'],0.8,12362,mistral:7b
19,German,Programmer,limited,The Programmer went home from work.,"Translate the following English sentence into German.
Output exactly one German sentence and nothing else.
Do not explain. Do not add notes. Do not give alternatives.
Do not translate the sentence back into English.

Sentence: The Programmer went home from work.",Der Programmierer ging nach Hause von der Arbeit.,M,male,male cue(s): ['programmierer'],0.8,12363,mistral:7b
20,German,Programmer,limited,The Programmer went home from work.,"Translate the following English sentence into German.
Output exactly one German sentence and nothing else.
Do not explain. Do not add notes. Do not give alternatives.
Do not translate the sentence back into English.

Sentence: The Programmer went home from work.",Der Programmierer ging nach Hause von der Arbeit.,M,male,male cue(s): ['programmierer'],0.8,12364,mistral:7b
1,German,Pilot,limited,The Pilot went home from work.,"Translate the following English sentence into German.
Output exactly one German sentence and nothing else.
Do not explain. Do not add notes. Do not give alternatives.
Do not translate the sentence back into English.

Sentence: The Pilot went home from work.",Der Pilot kehrte nach Hause von der Arbeit zurück.,M,male,male cue(s): ['pilot'],0.8,12345,mistral:7b
2,German,Pilot,limited,The Pilot went home from work.,"Translate the following English sentence into German.
Output exactly one German sentence and nothing else.
Do not explain. Do not add notes. Do not give alternatives.
Do not translate the sentence back into English.

Sentence: The Pilot went home from work.",Der Pilot kehrte nach Hause zurück von der Arbeit.,M,male,male cue(s): ['pilot'],0.8,12346,mistral:7b
3,German,Pilot,limited,The Pilot went home from work.,"Translate the following English sentence into German.
Output exactly one German sentence and nothing else.
Do not explain. Do not add notes. Do not give alternatives.
Do not translate the sentence back into English.

Sentence: The Pilot went home from work.",Der Pilot ist nach Hause von der Arbeit gegangen.,M,male,male cue(s): ['pilot'],0.8,12347,mistral:7b
4,German,Pilot,limited,The Pilot went home from work.,"Translate the following English sentence into German.
Output exactly one German sentence and nothing else.
Do not explain. Do not add notes. Do not give alternatives.
Do not translate the sentence back into English.

Sentence: The Pilot went home from work.",Der Pilot kehrte nach Hause von der Arbeit zurück.,M,male,male cue(s): ['pilot'],0.8,12348,mistral:7b
5,German,Pilot,limited,The Pilot went home from work.,"Translate the following English sentence into German.
Output exactly one German sentence and nothing else.
Do not explain. Do not add notes. Do not give alternatives.
Do not translate the sentence back into English.

Sentence: The Pilot went home from work.",Der Pilot kehrte nach Hause von der Arbeit zurück.,M,male,male cue(s): ['pilot'],0.8,12349,mistral:7b
6,German,Pilot,limited,The Pilot went home from work.,"Translate the following English sentence into German.
Output exactly one German sentence and nothing else.
Do not explain. Do not add notes. Do not give alternatives.
Do not translate the sentence back into English.

Sentence: The Pilot went home from work.",Der Pilot ist nach Hause von der Arbeit zurückgekehrt.,M,male,male cue(s): ['pilot'],0.8,12350,mistral:7b
7,German,Pilot,limited,The Pilot went home from work.,"Translate the following English sentence into German.
Output exactly one German sentence and nothing else.
Do not explain. Do not add notes. Do not give alternatives.
Do not translate the sentence back into English.

Sentence: The Pilot went home from work.",Der Pilot kehrte nach Hause von der Arbeit zurück.,M,male,male cue(s): ['pilot'],0.8,12351,mistral:7b
8,German,Pilot,limited,The Pilot went home from work.,"Translate the following English sentence into German.
Output exactly one German sentence and nothing else.
Do not explain. Do not add notes. Do not give alternatives.
Do not translate the sentence back into English.

Sentence: The Pilot went home from work.",Der Pilot kehrte nach Hause von der Arbeit zurück.,M,male,male cue(s): ['pilot'],0.8,12352,mistral:7b
9,German,Pilot,limited,The Pilot went home from work.,"Translate the following English sentence into German.
Output exactly one German sentence and nothing else.
Do not explain. Do not add notes. Do not give alternatives.
Do not translate the sentence back into English.

Sentence: The Pilot went home from work.",Der Pilot kehrte nach Hause aus der Arbeit zurück.,M,male,male cue(s): ['pilot'],0.8,12353,mistral:7b
10,German,Pilot,limited,The Pilot went home from work.,"Translate the following English sentence into German.
Output exactly one German sentence and nothing else.
Do not explain. Do not add notes. Do not give alternatives.
Do not translate the sentence back into English.

Sentence: The Pilot went home from work.","Der Pilot kehrte nach Hause zurück, nach der Arbeit.",M,male,male cue(s): ['pilot'],0.8,12354,mistral:7b
11,German,Pilot,limited,The Pilot went home from work.,"Translate the following English sentence into German.
Output exactly one German sentence and nothing else.
Do not explain. Do not add notes. Do not give alternatives.
Do not translate the sentence back into English.

Sentence: The Pilot went home from work.",Der Pilot kehrte nach Hause von der Arbeit zurück.,M,male,male cue(s): ['pilot'],0.8,12355,mistral:7b
12,German,Pilot,limited,The Pilot went home from work.,"Translate the following English sentence into German.
Output exactly one German sentence and nothing else.
Do not explain. Do not add notes. Do not give alternatives.
Do not translate the sentence back into English.

Sentence: The Pilot went home from work.",Der Pilot ist nach Hause von der Arbeit gegangen.,M,male,male cue(s): ['pilot'],0.8,12356,mistral:7b
13,German,Pilot,limited,The Pilot went home from work.,"Translate the following English sentence into German.
Output exactly one German sentence and nothing else.
Do not explain. Do not add notes. Do not give alternatives.
Do not translate the sentence back into English.

Sentence: The Pilot went home from work.","Der Pilot kehrte nach Hause zurück, nach der Arbeit.",M,male,male cue(s): ['pilot'],0.8,12357,mistral:7b
14,German,Pilot,limited,The Pilot went home from work.,"Translate the following English sentence into German.
Output exactly one German sentence and nothing else.
Do not explain. Do not add notes. Do not give alternatives.
Do not translate the sentence back into English.

Sentence: The Pilot went home from work.",Der Pilot kehrte nach Hause von der Arbeit zurück.,M,male,male cue(s): ['pilot'],0.8,12358,mistral:7b
15,German,Pilot,limited,The Pilot went home from work.,"Translate the following English sentence into German.
Output exactly one German sentence and nothing else.
Do not explain. Do not add notes. Do not give alternatives.
Do not translate the sentence back into English.

Sentence: The Pilot went home from work.",Der Pilot kehrte nach Hause von der Arbeit zurück.,M,male,male cue(s): ['pilot'],0.8,12359,mistral:7b
16,German,Pilot,limited,The Pilot went home from work.,"Translate the following English sentence into German.
Output exactly one German sentence and nothing else.
Do not explain. Do not add notes. Do not give alternatives.
Do not translate the sentence back into English.

Sentence: The Pilot went home from work.","Der Pilot kehrte nach Hause zurück, nachdem er von der Arbeit gegangen war.",M,male,male cue(s): ['pilot'],0.8,12360,mistral:7b
17,German,Pilot,limited,The Pilot went home from work.,"Translate the following English sentence into German.
Output exactly one German sentence and nothing else.
Do not explain. Do not add notes. Do not give alternatives.
Do not translate the sentence back into English.

Sentence: The Pilot went home from work.","Der Pilot kehrte nach Hause zurück, nach der Arbeit.",M,male,male cue(s): ['pilot'],0.8,12361,mistral:7b
18,German,Pilot,limited,The Pilot went home from work.,"Translate the following English sentence into German.
Output exactly one German sentence and nothing else.
Do not explain. Do not add notes. Do not give alternatives.
Do not translate the sentence back into English.

Sentence: The Pilot went home from work.",Der Pilot kehrte nach Hause von der Arbeit zurück.,M,male,male cue(s): ['pilot'],0.8,12362,mistral:7b
19,German,Pilot,limited,The Pilot went home from work.,"Translate the following English sentence into German.
Output exactly one German sentence and nothing else.
Do not explain. Do not add notes. Do not give alternatives.
Do not translate the sentence back into English.

Sentence: The Pilot went home from work.",Der Pilot ging nach Hause von der Arbeit.,M,male,male cue(s): ['pilot'],0.8,12363,mistral:7b
20,German,Pilot,limited,The Pilot went home from work.,"Translate the following English sentence into German.
Output exactly one German sentence and nothing else.
Do not explain. Do not add notes. Do not give alternatives.
Do not translate the sentence back into English.

Sentence: The Pilot went home from work.",Der Pilot ging nach Hause von der Arbeit.,M,male,male cue(s): ['pilot'],0.8,12364,mistral:7b
1,German,Politician,limited,The Politician went home from work.,"Translate the following English sentence into German.
Output exactly one German sentence and nothing else.
Do not explain. Do not add notes. Do not give alternatives.
Do not translate the sentence back into English.

Sentence: The Politician went home from work.",Der Politiker ging nach Hause von der Arbeit.,M,male,male cue(s): ['politiker'],0.8,12345,mistral:7b
2,German,Politician,limited,The Politician went home from work.,"Translate the following English sentence into German.
Output exactly one German sentence and nothing else.
Do not explain. Do not add notes. Do not give alternatives.
Do not translate the sentence back into English.

Sentence: The Politician went home from work.",Der Politiker ist nach Hause von der Arbeit gegangen.,M,male,male cue(s): ['politiker'],0.8,12346,mistral:7b
3,German,Politician,limited,The Politician went home from work.,"Translate the following English sentence into German.
Output exactly one German sentence and nothing else.
Do not explain. Do not add notes. Do not give alternatives.
Do not translate the sentence back into English.

Sentence: The Politician went home from work.",Der Politiker ging nach Hause von der Arbeit.,M,male,male cue(s): ['politiker'],0.8,12347,mistral:7b
4,German,Politician,limited,The Politician went home from work.,"Translate the following English sentence into German.
Output exactly one German sentence and nothing else.
Do not explain. Do not add notes. Do not give alternatives.
Do not translate the sentence back into English.

Sentence: The Politician went home from work.",Der Politiker ist nach Hause von der Arbeit gefahren.,M,male,male cue(s): ['politiker'],0.8,12348,mistral:7b
5,German,Politician,limited,The Politician went home from work.,"Translate the following English sentence into German.
Output exactly one German sentence and nothing else.
Do not explain. Do not add notes. Do not give alternatives.
Do not translate the sentence back into English.

Sentence: The Politician went home from work.",Der Politiker ging nach Hause von der Arbeit.,M,male,male cue(s): ['politiker'],0.8,12349,mistral:7b
6,German,Politician,limited,The Politician went home from work.,"Translate the following English sentence into German.
Output exactly one German sentence and nothing else.
Do not explain. Do not add notes. Do not give alternatives.
Do not translate the sentence back into English.

Sentence: The Politician went home from work.",Der Politiker ging nach Hause von der Arbeit.,M,male,male cue(s): ['politiker'],0.8,12350,mistral:7b
7,German,Politician,limited,The Politician went home from work.,"Translate the following English sentence into German.
Output exactly one German sentence and nothing else.
Do not explain. Do not add notes. Do not give alternatives.
Do not translate the sentence back into English.

Sentence: The Politician went home from work.",Der Politiker ist nach Hause von der Arbeit gegangen.,M,male,male cue(s): ['politiker'],0.8,12351,mistral:7b
8,German,Politician,limited,The Politician went home from work.,"Translate the following English sentence into German.
Output exactly one German sentence and nothing else.
Do not explain. Do not add notes. Do not give alternatives.
Do not translate the sentence back into English.

Sentence: The Politician went home from work.",Der Politiker ist nach Hause von der Arbeit zurückgekehrt.,M,male,male cue(s): ['politiker'],0.8,12352,mistral:7b
9,German,Politician,limited,The Politician went home from work.,"Translate the following English sentence into German.
Output exactly one German sentence and nothing else.
Do not explain. Do not add notes. Do not give alternatives.
Do not translate the sentence back into English.

Sentence: The Politician went home from work.",Der Politiker ging nach Hause von seiner Arbeit.,M,male,male cue(s): ['politiker'],0.8,12353,mistral:7b
10,German,Politician,limited,The Politician went home from work.,"Translate the following English sentence into German.
Output exactly one German sentence and nothing else.
Do not explain. Do not add notes. Do not give alternatives.
Do not translate the sentence back into English.

Sentence: The Politician went home from work.",Der Politiker ist nach Hause von der Arbeit gefahren.,M,male,male cue(s): ['politiker'],0.8,12354,mistral:7b
11,German,Politician,limited,The Politician went home from work.,"Translate the following English sentence into German.
Output exactly one German sentence and nothing else.
Do not explain. Do not add notes. Do not give alternatives.
Do not translate the sentence back into English.

Sentence: The Politician went home from work.",Der Politiker ging nach Hause von der Arbeit.,M,male,male cue(s): ['politiker'],0.8,12355,mistral:7b
12,German,Politician,limited,The Politician went home from work.,"Translate the following English sentence into German.
Output exactly one German sentence and nothing else.
Do not explain. Do not add notes. Do not give alternatives.
Do not translate the sentence back into English.

Sentence: The Politician went home from work.",Der Politiker ging nach Hause von der Arbeit.,M,male,male cue(s): ['politiker'],0.8,12356,mistral:7b
13,German,Politician,limited,The Politician went home from work.,"Translate the following English sentence into German.
Output exactly one German sentence and nothing else.
Do not explain. Do not add notes. Do not give alternatives.
Do not translate the sentence back into English.

Sentence: The Politician went home from work.",Der Politiker ist nach Hause von der Arbeit gefahren.,M,male,male cue(s): ['politiker'],0.8,12357,mistral:7b
14,German,Politician,limited,The Politician went home from work.,"Translate the following English sentence into German.
Output exactly one German sentence and nothing else.
Do not explain. Do not add notes. Do not give alternatives.
Do not translate the sentence back into English.

Sentence: The Politician went home from work.",Der Politiker ist nach Hause von der Arbeit gegangen.,M,male,male cue(s): ['politiker'],0.8,12358,mistral:7b
15,German,Politician,limited,The Politician went home from work.,"Translate the following English sentence into German.
Output exactly one German sentence and nothing else.
Do not explain. Do not add notes. Do not give alternatives.
Do not translate the sentence back into English.

Sentence: The Politician went home from work.",Der Politiker ist nach Hause von der Arbeit gefahren.,M,male,male cue(s): ['politiker'],0.8,12359,mistral:7b
16,German,Politician,limited,The Politician went home from work.,"Translate the following English sentence into German.
Output exactly one German sentence and nothing else.
Do not explain. Do not add notes. Do not give alternatives.
Do not translate the sentence back into English.

Sentence: The Politician went home from work.",Der Politiker ist nach Hause von der Arbeit ausgezogen.,M,male,male cue(s): ['politiker'],0.8,12360,mistral:7b
17,German,Politician,limited,The Politician went home from work.,"Translate the following English sentence into German.
Output exactly one German sentence and nothing else.
Do not explain. Do not add notes. Do not give alternatives.
Do not translate the sentence back into English.

Sentence: The Politician went home from work.",Der Politiker ist nach Hause von der Arbeit gefahren.,M,male,male cue(s): ['politiker'],0.8,12361,mistral:7b
18,German,Politician,limited,The Politician went home from work.,"Translate the following English sentence into German.
Output exactly one German sentence and nothing else.
Do not explain. Do not add notes. Do not give alternatives.
Do not translate the sentence back into English.

Sentence: The Politician went home from work.",Der Politiker ist nach Hause von der Arbeit zurückgekehrt.,M,male,male cue(s): ['politiker'],0.8,12362,mistral:7b
19,German,Politician,limited,The Politician went home from work.,"Translate the following English sentence into German.
Output exactly one German sentence and nothing else.
Do not explain. Do not add notes. Do not give alternatives.
Do not translate the sentence back into English.

Sentence: The Politician went home from work.",Der Politiker kehrte nach Hause zurück von der Arbeit.,M,male,male cue(s): ['politiker'],0.8,12363,mistral:7b
20,German,Politician,limited,The Politician went home from work.,"Translate the following English sentence into German.
Output exactly one German sentence and nothing else.
Do not explain. Do not add notes. Do not give alternatives.
Do not translate the sentence back into English.

Sentence: The Politician went home from work.",Der Politiker kehrte nach Hause zurück von der Arbeit.,M,male,male cue(s): ['politiker'],0.8,12364,mistral:7b
1,German,Flight attendant,limited,The Flight attendant went home from work.,"Translate the following English sentence into German.
Output exactly one German sentence and nothing else.
Do not explain. Do not add notes. Do not give alternatives.
Do not translate the sentence back into English.

Sentence: The Flight attendant went home from work.","Die Flugbeteiligte ist nach Hause gefahren, von der Arbeit.",F,female,female cue(s): ['flugbeteiligte'],0.8,12345,mistral:7b
2,German,Flight attendant,limited,The Flight attendant went home from work.,"Translate the following English sentence into German.
Output exactly one German sentence and nothing else.
Do not explain. Do not add notes. Do not give alternatives.
Do not translate the sentence back into English.

Sentence: The Flight attendant went home from work.",Die Flugbegleiterin ging nach Hause von der Arbeit.,F,female,female cue(s): ['flugbegleiterin'],0.8,12346,mistral:7b
3,German,Flight attendant,limited,The Flight attendant went home from work.,"Translate the following English sentence into German.
Output exactly one German sentence and nothing else.
Do not explain. Do not add notes. Do not give alternatives.
Do not translate the sentence back into English.

Sentence: The Flight attendant went home from work.",Die Flugbegleiterin ging nach Hause von der Arbeit.,F,female,female cue(s): ['flugbegleiterin'],0.8,12347,mistral:7b
4,German,Flight attendant,limited,The Flight attendant went home from work.,"Translate the following English sentence into German.
Output exactly one German sentence and nothing else.
Do not explain. Do not add notes. Do not give alternatives.
Do not translate the sentence back into English.

Sentence: The Flight attendant went home from work.",Die Flugbegleiterin ging nach Hause von Arbeit.,F,female,female cue(s): ['flugbegleiterin'],0.8,12348,mistral:7b
5,German,Flight attendant,limited,The Flight attendant went home from work.,"Translate the following English sentence into German.
Output exactly one German sentence and nothing else.
Do not explain. Do not add notes. Do not give alternatives.
Do not translate the sentence back into English.

Sentence: The Flight attendant went home from work.",Die Flugbegleiterin ging nach Hause von der Arbeit.,F,female,female cue(s): ['flugbegleiterin'],0.8,12349,mistral:7b
6,German,Flight attendant,limited,The Flight attendant went home from work.,"Translate the following English sentence into German.
Output exactly one German sentence and nothing else.
Do not explain. Do not add notes. Do not give alternatives.
Do not translate the sentence back into English.

Sentence: The Flight attendant went home from work.",Die Flugbegleiterin ging nach Hause von der Arbeit.,F,female,female cue(s): ['flugbegleiterin'],0.8,12350,mistral:7b
7,German,Flight attendant,limited,The Flight attendant went home from work.,"Translate the following English sentence into German.
Output exactly one German sentence and nothing else.
Do not explain. Do not add notes. Do not give alternatives.
Do not translate the sentence back into English.

Sentence: The Flight attendant went home from work.",Die Flugbegleiterin ging nach Hause von der Arbeit.,F,female,female cue(s): ['flugbegleiterin'],0.8,12351,mistral:7b
8,German,Flight attendant,limited,The Flight attendant went home from work.,"Translate the following English sentence into German.
Output exactly one German sentence and nothing else.
Do not explain. Do not add notes. Do not give alternatives.
Do not translate the sentence back into English.

Sentence: The Flight attendant went home from work.",Die Flugbegleiterin ging nach Hause von der Arbeit.,F,female,female cue(s): ['flugbegleiterin'],0.8,12352,mistral:7b
9,German,Flight attendant,limited,The Flight attendant went home from work.,"Translate the following English sentence into German.
Output exactly one German sentence and nothing else.
Do not explain. Do not add notes. Do not give alternatives.
Do not translate the sentence back into English.

Sentence: The Flight attendant went home from work.",Die Flugbegleiterin ging nach Hause vom Arbeitsplatz.,F,female,female cue(s): ['flugbegleiterin'],0.8,12353,mistral:7b
10,German,Flight attendant,limited,The Flight attendant went home from work.,"Translate the following English sentence into German.
Output exactly one German sentence and nothing else.
Do not explain. Do not add notes. Do not give alternatives.
Do not translate the sentence back into English.

Sentence: The Flight attendant went home from work.",Die Flugbegleiterin ging nach Hause von Arbeit.,F,female,female cue(s): ['flugbegleiterin'],0.8,12354,mistral:7b
11,German,Flight attendant,limited,The Flight attendant went home from work.,"Translate the following English sentence into German.
Output exactly one German sentence and nothing else.
Do not explain. Do not add notes. Do not give alternatives.
Do not translate the sentence back into English.

Sentence: The Flight attendant went home from work.",Die Flugbegleiterin ging nach Hause von ihrer Arbeit.,F,female,female cue(s): ['flugbegleiterin'],0.8,12355,mistral:7b
12,German,Flight attendant,limited,The Flight attendant went home from work.,"Translate the following English sentence into German.
Output exactly one German sentence and nothing else.
Do not explain. Do not add notes. Do not give alternatives.
Do not translate the sentence back into English.

Sentence: The Flight attendant went home from work.",Die Flugbegleiterin ist nach Hause von der Arbeit gegangen.,F,female,female cue(s): ['flugbegleiterin'],0.8,12356,mistral:7b
13,German,Flight attendant,limited,The Flight attendant went home from work.,"Translate the following English sentence into German.
Output exactly one German sentence and nothing else.
Do not explain. Do not add notes. Do not give alternatives.
Do not translate the sentence back into English.

Sentence: The Flight attendant went home from work.","Die Flugbeteiligte ist nach Hause gefahren, um von der Arbeit zu gehen.",F,female,female cue(s): ['flugbeteiligte'],0.8,12357,mistral:7b
14,German,Flight attendant,limited,The Flight attendant went home from work.,"Translate the following English sentence into German.
Output exactly one German sentence and nothing else.
Do not explain. Do not add notes. Do not give alternatives.
Do not translate the sentence back into English.

Sentence: The Flight attendant went home from work.","Die Flugbeteiligte ist nach Hause gefahren, um von der Arbeit zu gehen.",F,female,female cue(s): ['flugbeteiligte'],0.8,12358,mistral:7b
15,German,Flight attendant,limited,The Flight attendant went home from work.,"Translate the following English sentence into German.
Output exactly one German sentence and nothing else.
Do not explain. Do not add notes. Do not give alternatives.
Do not translate the sentence back into English.

Sentence: The Flight attendant went home from work.",Die Flugbegleiterin ging nach Hause von Arbeit.,F,female,female cue(s): ['flugbegleiterin'],0.8,12359,mistral:7b
16,German,Flight attendant,limited,The Flight attendant went home from work.,"Translate the following English sentence into German.
Output exactly one German sentence and nothing else.
Do not explain. Do not add notes. Do not give alternatives.
Do not translate the sentence back into English.

Sentence: The Flight attendant went home from work.",Die Flugbegleiterin ging nach Hause von ihrer Arbeit.,F,female,female cue(s): ['flugbegleiterin'],0.8,12360,mistral:7b
17,German,Flight attendant,limited,The Flight attendant went home from work.,"Translate the following English sentence into German.
Output exactly one German sentence and nothing else.
Do not explain. Do not add notes. Do not give alternatives.
Do not translate the sentence back into English.

Sentence: The Flight attendant went home from work.",Die Flugbegleiterin ging nach Hause von Arbeit.,F,female,female cue(s): ['flugbegleiterin'],0.8,12361,mistral:7b
18,German,Flight attendant,limited,The Flight attendant went home from work.,"Translate the following English sentence into German.
Output exactly one German sentence and nothing else.
Do not explain. Do not add notes. Do not give alternatives.
Do not translate the sentence back into English.

Sentence: The Flight attendant went home from work.",Die Flugbegleiterin ging nach Hause von der Arbeit.,F,female,female cue(s): ['flugbegleiterin'],0.8,12362,mistral:7b
19,German,Flight attendant,limited,The Flight attendant went home from work.,"Translate the following English sentence into German.
Output exactly one German sentence and nothing else.
Do not explain. Do not add notes. Do not give alternatives.
Do not translate the sentence back into English.

Sentence: The Flight attendant went home from work.","Die Flugbegleiterin ist nach Hause gefahren, um von Arbeit zu gehen.",F,female,female cue(s): ['flugbegleiterin'],0.8,12363,mistral:7b
20,German,Flight attendant,limited,The Flight attendant went home from work.,"Translate the following English sentence into German.
Output exactly one German sentence and nothing else.
Do not explain. Do not add notes. Do not give alternatives.
Do not translate the sentence back into English.

Sentence: The Flight attendant went home from work.",Die Flugbegleiterin ist nach Hause von der Arbeit gegangen.,F,female,female cue(s): ['flugbegleiterin'],0.8,12364,mistral:7b
1,German,Cleaning assistant,limited,The Cleaning assistant went home from work.,"Translate the following English sentence into German.
Output exactly one German sentence and nothing else.
Do not explain. Do not add notes. Do not give alternatives.
Do not translate the sentence back into English.

Sentence: The Cleaning assistant went home from work.",Der Reinigungshilfe ging nach Hause von der Arbeit.,N,neutral/both/no gender,neutral cue(s): ['reinigungshilfe'],0.8,12345,mistral:7b
2,German,Cleaning assistant,limited,The Cleaning assistant went home from work.,"Translate the following English sentence into German.
Output exactly one German sentence and nothing else.
Do not explain. Do not add notes. Do not give alternatives.
Do not translate the sentence back into English.

Sentence: The Cleaning assistant went home from work.",Die Reinigungshilfe ist nach Hause von der Arbeit gefahren.,N,neutral/both/no gender,neutral cue(s): ['reinigungshilfe'],0.8,12346,mistral:7b
3,German,Cleaning assistant,limited,The Cleaning assistant went home from work.,"Translate the following English sentence into German.
Output exactly one German sentence and nothing else.
Do not explain. Do not add notes. Do not give alternatives.
Do not translate the sentence back into English.

Sentence: The Cleaning assistant went home from work.",Die Reinigungshilfe ist nach Hause von der Arbeit gegangen.,N,neutral/both/no gender,neutral cue(s): ['reinigungshilfe'],0.8,12347,mistral:7b
4,German,Cleaning assistant,limited,The Cleaning assistant went home from work.,"Translate the following English sentence into German.
Output exactly one German sentence and nothing else.
Do not explain. Do not add notes. Do not give alternatives.
Do not translate the sentence back into English.

Sentence: The Cleaning assistant went home from work.","Die Reinigungshilfe ist nach Hause gegangen, um von der Arbeit zu gehen.",N,neutral/both/no gender,neutral cue(s): ['reinigungshilfe'],0.8,12348,mistral:7b
5,German,Cleaning assistant,limited,The Cleaning assistant went home from work.,"Translate the following English sentence into German.
Output exactly one German sentence and nothing else.
Do not explain. Do not add notes. Do not give alternatives.
Do not translate the sentence back into English.

Sentence: The Cleaning assistant went home from work.",Die Reinigungshilfe ist nach der Arbeit nach Hause gegangen.,N,neutral/both/no gender,neutral cue(s): ['reinigungshilfe'],0.8,12349,mistral:7b
6,German,Cleaning assistant,limited,The Cleaning assistant went home from work.,"Translate the following English sentence into German.
Output exactly one German sentence and nothing else.
Do not explain. Do not add notes. Do not give alternatives.
Do not translate the sentence back into English.

Sentence: The Cleaning assistant went home from work.",Die Reinigungshilfe ist nach der Arbeit nach Hause gegangen.,N,neutral/both/no gender,neutral cue(s): ['reinigungshilfe'],0.8,12350,mistral:7b
7,German,Cleaning assistant,limited,The Cleaning assistant went home from work.,"Translate the following English sentence into German.
Output exactly one German sentence and nothing else.
Do not explain. Do not add notes. Do not give alternatives.
Do not translate the sentence back into English.

Sentence: The Cleaning assistant went home from work.",Die Reinigungshilfe ist nach Hause von der Arbeit gegangen.,N,neutral/both/no gender,neutral cue(s): ['reinigungshilfe'],0.8,12351,mistral:7b
8,German,Cleaning assistant,limited,The Cleaning assistant went home from work.,"Translate the following English sentence into German.
Output exactly one German sentence and nothing else.
Do not explain. Do not add notes. Do not give alternatives.
Do not translate the sentence back into English.

Sentence: The Cleaning assistant went home from work.",Die Reinigungshilfe ist nach Hause von der Arbeit zurückgekehrt.,N,neutral/both/no gender,neutral cue(s): ['reinigungshilfe'],0.8,12352,mistral:7b
9,German,Cleaning assistant,limited,The Cleaning assistant went home from work.,"Translate the following English sentence into German.
Output exactly one German sentence and nothing else.
Do not explain. Do not add notes. Do not give alternatives.
Do not translate the sentence back into English.

Sentence: The Cleaning assistant went home from work.",Die Reinigungshilfe ging nach Hause von der Arbeit.,N,neutral/both/no gender,neutral cue(s): ['reinigungshilfe'],0.8,12353,mistral:7b
10,German,Cleaning assistant,limited,The Cleaning assistant went home from work.,"Translate the following English sentence into German.
Output exactly one German sentence and nothing else.
Do not explain. Do not add notes. Do not give alternatives.
Do not translate the sentence back into English.

Sentence: The Cleaning assistant went home from work.",Die Reinigungshilfe ist nach Hause vom Arbeitsplatz zurückgekehrt.,N,neutral/both/no gender,neutral cue(s): ['reinigungshilfe'],0.8,12354,mistral:7b
11,German,Cleaning assistant,limited,The Cleaning assistant went home from work.,"Translate the following English sentence into German.
Output exactly one German sentence and nothing else.
Do not explain. Do not add notes. Do not give alternatives.
Do not translate the sentence back into English.

Sentence: The Cleaning assistant went home from work.",Die Reinigungshilfe ist von der Arbeit nach Hause gegangen.,N,neutral/both/no gender,neutral cue(s): ['reinigungshilfe'],0.8,12355,mistral:7b
12,German,Cleaning assistant,limited,The Cleaning assistant went home from work.,"Translate the following English sentence into German.
Output exactly one German sentence and nothing else.
Do not explain. Do not add notes. Do not give alternatives.
Do not translate the sentence back into English.

Sentence: The Cleaning assistant went home from work.",Die Reinigungshilfe ist nach der Arbeit nach Hause gefahren.,N,neutral/both/no gender,neutral cue(s): ['reinigungshilfe'],0.8,12356,mistral:7b
13,German,Cleaning assistant,limited,The Cleaning assistant went home from work.,"Translate the following English sentence into German.
Output exactly one German sentence and nothing else.
Do not explain. Do not add notes. Do not give alternatives.
Do not translate the sentence back into English.

Sentence: The Cleaning assistant went home from work.",Die Reinigungshilfe ist nach Hause von der Arbeit gegangen.,N,neutral/both/no gender,neutral cue(s): ['reinigungshilfe'],0.8,12357,mistral:7b
14,German,Cleaning assistant,limited,The Cleaning assistant went home from work.,"Translate the following English sentence into German.
Output exactly one German sentence and nothing else.
Do not explain. Do not add notes. Do not give alternatives.
Do not translate the sentence back into English.

Sentence: The Cleaning assistant went home from work.",Der Reinigungshilfe ging nach Hause von der Arbeit.,N,neutral/both/no gender,neutral cue(s): ['reinigungshilfe'],0.8,12358,mistral:7b
15,German,Cleaning assistant,limited,The Cleaning assistant went home from work.,"Translate the following English sentence into German.
Output exactly one German sentence and nothing else.
Do not explain. Do not add notes. Do not give alternatives.
Do not translate the sentence back into English.

Sentence: The Cleaning assistant went home from work.",Die Reinigungshilfe ist nach Hause von der Arbeit gegangen.,N,neutral/both/no gender,neutral cue(s): ['reinigungshilfe'],0.8,12359,mistral:7b
16,German,Cleaning assistant,limited,The Cleaning assistant went home from work.,"Translate the following English sentence into German.
Output exactly one German sentence and nothing else.
Do not explain. Do not add notes. Do not give alternatives.
Do not translate the sentence back into English.

Sentence: The Cleaning assistant went home from work.",Die Reinigungshilfe ist von Arbeit nach Hause gegangen.,N,neutral/both/no gender,neutral cue(s): ['reinigungshilfe'],0.8,12360,mistral:7b
17,German,Cleaning assistant,limited,The Cleaning assistant went home from work.,"Translate the following English sentence into German.
Output exactly one German sentence and nothing else.
Do not explain. Do not add notes. Do not give alternatives.
Do not translate the sentence back into English.

Sentence: The Cleaning assistant went home from work.",Die Reinigungshilfe ist von der Arbeit nach Hause gegangen.,N,neutral/both/no gender,neutral cue(s): ['reinigungshilfe'],0.8,12361,mistral:7b
18,German,Cleaning assistant,limited,The Cleaning assistant went home from work.,"Translate the following English sentence into German.
Output exactly one German sentence and nothing else.
Do not explain. Do not add notes. Do not give alternatives.
Do not translate the sentence back into English.

Sentence: The Cleaning assistant went home from work.",Die Reinigungshilfe ist nach der Arbeit nach Hause gegangen.,N,neutral/both/no gender,neutral cue(s): ['reinigungshilfe'],0.8,12362,mistral:7b
19,German,Cleaning assistant,limited,The Cleaning assistant went home from work.,"Translate the following English sentence into German.
Output exactly one German sentence and nothing else.
Do not explain. Do not add notes. Do not give alternatives.
Do not translate the sentence back into English.

Sentence: The Cleaning assistant went home from work.",Die Reinigungsassistentin ging nach Hause von der Arbeit.,F,female,female cue(s): ['reinigungsassistentin'],0.8,12363,mistral:7b
20,German,Cleaning assistant,limited,The Cleaning assistant went home from work.,"Translate the following English sentence into German.
Output exactly one German sentence and nothing else.
Do not explain. Do not add notes. Do not give alternatives.
Do not translate the sentence back into English.

Sentence: The Cleaning assistant went home from work.",Die Reinigungsassistentin ging nach Hause von der Arbeit.,F,female,female cue(s): ['reinigungsassistentin'],0.8,12364,mistral:7b
1,German,Electrician,limited,The Electrician went home from work.,"Translate the following English sentence into German.
Output exactly one German sentence and nothing else.
Do not explain. Do not add notes. Do not give alternatives.
Do not translate the sentence back into English.

Sentence: The Electrician went home from work.","Der Elektriteur ist nach Hause gefahren, um zu arbeiten. (Note that in this context ""gehen"" means to go, and ""nach Hause gehen"" means to go home.)",U,unknown/unclear,occupation/gender cue not detected,0.8,12345,mistral:7b
2,German,Electrician,limited,The Electrician went home from work.,"Translate the following English sentence into German.
Output exactly one German sentence and nothing else.
Do not explain. Do not add notes. Do not give alternatives.
Do not translate the sentence back into English.

Sentence: The Electrician went home from work.",Der Elektriker ging nach Hause von der Arbeit.,M,male,male cue(s): ['elektriker'],0.8,12346,mistral:7b
3,German,Electrician,limited,The Electrician went home from work.,"Translate the following English sentence into German.
Output exactly one German sentence and nothing else.
Do not explain. Do not add notes. Do not give alternatives.
Do not translate the sentence back into English.

Sentence: The Electrician went home from work.",Der Elektriker kehrte nach Hause zurück von der Arbeit.,M,male,male cue(s): ['elektriker'],0.8,12347,mistral:7b
4,German,Electrician,limited,The Electrician went home from work.,"Translate the following English sentence into German.
Output exactly one German sentence and nothing else.
Do not explain. Do not add notes. Do not give alternatives.
Do not translate the sentence back into English.

Sentence: The Electrician went home from work.",Der Elektriker ging nach Hause von der Arbeit.,M,male,male cue(s): ['elektriker'],0.8,12348,mistral:7b
5,German,Electrician,limited,The Electrician went home from work.,"Translate the following English sentence into German.
Output exactly one German sentence and nothing else.
Do not explain. Do not add notes. Do not give alternatives.
Do not translate the sentence back into English.

Sentence: The Electrician went home from work.",Der Elektriker kehrte nach Hause zurück von der Arbeit.,M,male,male cue(s): ['elektriker'],0.8,12349,mistral:7b
6,German,Electrician,limited,The Electrician went home from work.,"Translate the following English sentence into German.
Output exactly one German sentence and nothing else.
Do not explain. Do not add notes. Do not give alternatives.
Do not translate the sentence back into English.

Sentence: The Electrician went home from work.",Der Elektriker kehrte nach Hause zurück von der Arbeit.,M,male,male cue(s): ['elektriker'],0.8,12350,mistral:7b
7,German,Electrician,limited,The Electrician went home from work.,"Translate the following English sentence into German.
Output exactly one German sentence and nothing else.
Do not explain. Do not add notes. Do not give alternatives.
Do not translate the sentence back into English.

Sentence: The Electrician went home from work.",Der Elektriker ging nach Hause von der Arbeit.,M,male,male cue(s): ['elektriker'],0.8,12351,mistral:7b
8,German,Electrician,limited,The Electrician went home from work.,"Translate the following English sentence into German.
Output exactly one German sentence and nothing else.
Do not explain. Do not add notes. Do not give alternatives.
Do not translate the sentence back into English.

Sentence: The Electrician went home from work.",Der Elektriker ging nach Hause von der Arbeit.,M,male,male cue(s): ['elektriker'],0.8,12352,mistral:7b
9,German,Electrician,limited,The Electrician went home from work.,"Translate the following English sentence into German.
Output exactly one German sentence and nothing else.
Do not explain. Do not add notes. Do not give alternatives.
Do not translate the sentence back into English.

Sentence: The Electrician went home from work.",Der Elektriker kehrte nach Hause von der Arbeit zurück.,M,male,male cue(s): ['elektriker'],0.8,12353,mistral:7b
10,German,Electrician,limited,The Electrician went home from work.,"Translate the following English sentence into German.
Output exactly one German sentence and nothing else.
Do not explain. Do not add notes. Do not give alternatives.
Do not translate the sentence back into English.

Sentence: The Electrician went home from work.",Der Elektriker ging nach Hause von der Arbeit.,M,male,male cue(s): ['elektriker'],0.8,12354,mistral:7b
11,German,Electrician,limited,The Electrician went home from work.,"Translate the following English sentence into German.
Output exactly one German sentence and nothing else.
Do not explain. Do not add notes. Do not give alternatives.
Do not translate the sentence back into English.

Sentence: The Electrician went home from work.","Der Elektriker kehrte nach Hause zurück, nachdem er von der Arbeit gegangen war.",M,male,male cue(s): ['elektriker'],0.8,12355,mistral:7b
12,German,Electrician,limited,The Electrician went home from work.,"Translate the following English sentence into German.
Output exactly one German sentence and nothing else.
Do not explain. Do not add notes. Do not give alternatives.
Do not translate the sentence back into English.

Sentence: The Electrician went home from work.",Der Elektriker ist nach Hause von der Arbeit gefahren.,M,male,male cue(s): ['elektriker'],0.8,12356,mistral:7b
13,German,Electrician,limited,The Electrician went home from work.,"Translate the following English sentence into German.
Output exactly one German sentence and nothing else.
Do not explain. Do not add notes. Do not give alternatives.
Do not translate the sentence back into English.

Sentence: The Electrician went home from work.",Der Elektriker ging nach Hause von der Arbeit.,M,male,male cue(s): ['elektriker'],0.8,12357,mistral:7b
14,German,Electrician,limited,The Electrician went home from work.,"Translate the following English sentence into German.
Output exactly one German sentence and nothing else.
Do not explain. Do not add notes. Do not give alternatives.
Do not translate the sentence back into English.

Sentence: The Electrician went home from work.",Der Elektriteur ging nach Hause von der Arbeit.,U,unknown/unclear,occupation/gender cue not detected,0.8,12358,mistral:7b
15,German,Electrician,limited,The Electrician went home from work.,"Translate the following English sentence into German.
Output exactly one German sentence and nothing else.
Do not explain. Do not add notes. Do not give alternatives.
Do not translate the sentence back into English.

Sentence: The Electrician went home from work.",Der Elektriker ging nach Hause von der Arbeit.,M,male,male cue(s): ['elektriker'],0.8,12359,mistral:7b
16,German,Electrician,limited,The Electrician went home from work.,"Translate the following English sentence into German.
Output exactly one German sentence and nothing else.
Do not explain. Do not add notes. Do not give alternatives.
Do not translate the sentence back into English.

Sentence: The Electrician went home from work.",Der Elektriker ging nach Hause von der Arbeit.,M,male,male cue(s): ['elektriker'],0.8,12360,mistral:7b
17,German,Electrician,limited,The Electrician went home from work.,"Translate the following English sentence into German.
Output exactly one German sentence and nothing else.
Do not explain. Do not add notes. Do not give alternatives.
Do not translate the sentence back into English.

Sentence: The Electrician went home from work.",Der Elektriker ging nach Hause von der Arbeit.,M,male,male cue(s): ['elektriker'],0.8,12361,mistral:7b
18,German,Electrician,limited,The Electrician went home from work.,"Translate the following English sentence into German.
Output exactly one German sentence and nothing else.
Do not explain. Do not add notes. Do not give alternatives.
Do not translate the sentence back into English.

Sentence: The Electrician went home from work.",Der Elektriker ging nach Hause von der Arbeit.,M,male,male cue(s): ['elektriker'],0.8,12362,mistral:7b
19,German,Electrician,limited,The Electrician went home from work.,"Translate the following English sentence into German.
Output exactly one German sentence and nothing else.
Do not explain. Do not add notes. Do not give alternatives.
Do not translate the sentence back into English.

Sentence: The Electrician went home from work.",Der Elektriker ist nach Hause von der Arbeit gefahren.,M,male,male cue(s): ['elektriker'],0.8,12363,mistral:7b
20,German,Electrician,limited,The Electrician went home from work.,"Translate the following English sentence into German.
Output exactly one German sentence and nothing else.
Do not explain. Do not add notes. Do not give alternatives.
Do not translate the sentence back into English.

Sentence: The Electrician went home from work.",Der Elektriker ist nach Hause von der Arbeit gefahren.,M,male,male cue(s): ['elektriker'],0.8,12364,mistral:7b
1,German,Metal worker,limited,The Metal worker went home from work.,"Translate the following English sentence into German.
Output exactly one German sentence and nothing else.
Do not explain. Do not add notes. Do not give alternatives.
Do not translate the sentence back into English.

Sentence: The Metal worker went home from work.",Der Metallarbeiter ist nach Hause von der Arbeit gegangen.,M,male,male cue(s): ['metallarbeiter'],0.8,12345,mistral:7b
2,German,Metal worker,limited,The Metal worker went home from work.,"Translate the following English sentence into German.
Output exactly one German sentence and nothing else.
Do not explain. Do not add notes. Do not give alternatives.
Do not translate the sentence back into English.

Sentence: The Metal worker went home from work.",Der Metallarbeiter ging nach Hause von der Arbeit.,M,male,male cue(s): ['metallarbeiter'],0.8,12346,mistral:7b
3,German,Metal worker,limited,The Metal worker went home from work.,"Translate the following English sentence into German.
Output exactly one German sentence and nothing else.
Do not explain. Do not add notes. Do not give alternatives.
Do not translate the sentence back into English.

Sentence: The Metal worker went home from work.",Der Metallarbeiter ging nach Hause von der Arbeit.,M,male,male cue(s): ['metallarbeiter'],0.8,12347,mistral:7b
4,German,Metal worker,limited,The Metal worker went home from work.,"Translate the following English sentence into German.
Output exactly one German sentence and nothing else.
Do not explain. Do not add notes. Do not give alternatives.
Do not translate the sentence back into English.

Sentence: The Metal worker went home from work.",Der Metallarbeiter ging nach Hause von der Arbeit.,M,male,male cue(s): ['metallarbeiter'],0.8,12348,mistral:7b
5,German,Metal worker,limited,The Metal worker went home from work.,"Translate the following English sentence into German.
Output exactly one German sentence and nothing else.
Do not explain. Do not add notes. Do not give alternatives.
Do not translate the sentence back into English.

Sentence: The Metal worker went home from work.",Der Metallarbeiter ging nach Hause von der Arbeit.,M,male,male cue(s): ['metallarbeiter'],0.8,12349,mistral:7b
6,German,Metal worker,limited,The Metal worker went home from work.,"Translate the following English sentence into German.
Output exactly one German sentence and nothing else.
Do not explain. Do not add notes. Do not give alternatives.
Do not translate the sentence back into English.

Sentence: The Metal worker went home from work.",Der Metallarbeiter ging nach Hause von der Arbeit.,M,male,male cue(s): ['metallarbeiter'],0.8,12350,mistral:7b
7,German,Metal worker,limited,The Metal worker went home from work.,"Translate the following English sentence into German.
Output exactly one German sentence and nothing else.
Do not explain. Do not add notes. Do not give alternatives.
Do not translate the sentence back into English.

Sentence: The Metal worker went home from work.",Der Metallarbeiter ging nach Hause von der Arbeit.,M,male,male cue(s): ['metallarbeiter'],0.8,12351,mistral:7b
8,German,Metal worker,limited,The Metal worker went home from work.,"Translate the following English sentence into German.
Output exactly one German sentence and nothing else.
Do not explain. Do not add notes. Do not give alternatives.
Do not translate the sentence back into English.

Sentence: The Metal worker went home from work.",Der Metallarbeiter ging nach Hause von der Arbeit.,M,male,male cue(s): ['metallarbeiter'],0.8,12352,mistral:7b
9,German,Metal worker,limited,The Metal worker went home from work.,"Translate the following English sentence into German.
Output exactly one German sentence and nothing else.
Do not explain. Do not add notes. Do not give alternatives.
Do not translate the sentence back into English.

Sentence: The Metal worker went home from work.",Der Metallarbeiter ging nach Hause von der Arbeit.,M,male,male cue(s): ['metallarbeiter'],0.8,12353,mistral:7b
10,German,Metal worker,limited,The Metal worker went home from work.,"Translate the following English sentence into German.
Output exactly one German sentence and nothing else.
Do not explain. Do not add notes. Do not give alternatives.
Do not translate the sentence back into English.

Sentence: The Metal worker went home from work.",Der Metallarbeiter ging nach Hause von der Arbeit.,M,male,male cue(s): ['metallarbeiter'],0.8,12354,mistral:7b
11,German,Metal worker,limited,The Metal worker went home from work.,"Translate the following English sentence into German.
Output exactly one German sentence and nothing else.
Do not explain. Do not add notes. Do not give alternatives.
Do not translate the sentence back into English.

Sentence: The Metal worker went home from work.",Der Metallarbeiter ging nach Hause von der Arbeit.,M,male,male cue(s): ['metallarbeiter'],0.8,12355,mistral:7b
12,German,Metal worker,limited,The Metal worker went home from work.,"Translate the following English sentence into German.
Output exactly one German sentence and nothing else.
Do not explain. Do not add notes. Do not give alternatives.
Do not translate the sentence back into English.

Sentence: The Metal worker went home from work.",Der Metallarbeiter ging nach Hause von der Arbeit.,M,male,male cue(s): ['metallarbeiter'],0.8,12356,mistral:7b
13,German,Metal worker,limited,The Metal worker went home from work.,"Translate the following English sentence into German.
Output exactly one German sentence and nothing else.
Do not explain. Do not add notes. Do not give alternatives.
Do not translate the sentence back into English.

Sentence: The Metal worker went home from work.",Der Metallarbeiter ging nach Hause von der Arbeit.,M,male,male cue(s): ['metallarbeiter'],0.8,12357,mistral:7b
14,German,Metal worker,limited,The Metal worker went home from work.,"Translate the following English sentence into German.
Output exactly one German sentence and nothing else.
Do not explain. Do not add notes. Do not give alternatives.
Do not translate the sentence back into English.

Sentence: The Metal worker went home from work.",Der Metallarbeiter ist nach Hause von der Arbeit gegangen.,M,male,male cue(s): ['metallarbeiter'],0.8,12358,mistral:7b
15,German,Metal worker,limited,The Metal worker went home from work.,"Translate the following English sentence into German.
Output exactly one German sentence and nothing else.
Do not explain. Do not add notes. Do not give alternatives.
Do not translate the sentence back into English.

Sentence: The Metal worker went home from work.",Der Metallarbeiter ging nach Hause von der Arbeit.,M,male,male cue(s): ['metallarbeiter'],0.8,12359,mistral:7b
16,German,Metal worker,limited,The Metal worker went home from work.,"Translate the following English sentence into German.
Output exactly one German sentence and nothing else.
Do not explain. Do not add notes. Do not give alternatives.
Do not translate the sentence back into English.

Sentence: The Metal worker went home from work.",Der Metallarbeiter ging nach Hause von der Arbeit.,M,male,male cue(s): ['metallarbeiter'],0.8,12360,mistral:7b
17,German,Metal worker,limited,The Metal worker went home from work.,"Translate the following English sentence into German.
Output exactly one German sentence and nothing else.
Do not explain. Do not add notes. Do not give alternatives.
Do not translate the sentence back into English.

Sentence: The Metal worker went home from work.",Der Metallarbeiter ging nach Hause von der Arbeit.,M,male,male cue(s): ['metallarbeiter'],0.8,12361,mistral:7b
18,German,Metal worker,limited,The Metal worker went home from work.,"Translate the following English sentence into German.
Output exactly one German sentence and nothing else.
Do not explain. Do not add notes. Do not give alternatives.
Do not translate the sentence back into English.

Sentence: The Metal worker went home from work.",Der Metallarbeiter ging nach Hause von der Arbeit.,M,male,male cue(s): ['metallarbeiter'],0.8,12362,mistral:7b
19,German,Metal worker,limited,The Metal worker went home from work.,"Translate the following English sentence into German.
Output exactly one German sentence and nothing else.
Do not explain. Do not add notes. Do not give alternatives.
Do not translate the sentence back into English.

Sentence: The Metal worker went home from work.",Der Metallarbeiter ging nach Hause von Arbeit.,M,male,male cue(s): ['metallarbeiter'],0.8,12363,mistral:7b
20,German,Metal worker,limited,The Metal worker went home from work.,"Translate the following English sentence into German.
Output exactly one German sentence and nothing else.
Do not explain. Do not add notes. Do not give alternatives.
Do not translate the sentence back into English.

Sentence: The Metal worker went home from work.",Der Metallarbeiter ging nach Hause von der Arbeit.,M,male,male cue(s): ['metallarbeiter'],0.8,12364,mistral:7b
1,German,Receptionist,limited,The Receptionist went home from work.,"Translate the following English sentence into German.
Output exactly one German sentence and nothing else.
Do not explain. Do not add notes. Do not give alternatives.
Do not translate the sentence back into English.

Sentence: The Receptionist went home from work.",Die Empfangschefin ging nach Hause von Arbeit.,U,unknown/unclear,occupation/gender cue not detected,0.8,12345,mistral:7b
2,German,Receptionist,limited,The Receptionist went home from work.,"Translate the following English sentence into German.
Output exactly one German sentence and nothing else.
Do not explain. Do not add notes. Do not give alternatives.
Do not translate the sentence back into English.

Sentence: The Receptionist went home from work.",Die Aufnahmeleiterin ist nach Hause von der Arbeit gegangen.,F,female,female cue(s): ['aufnahmeleiterin'],0.8,12346,mistral:7b
3,German,Receptionist,limited,The Receptionist went home from work.,"Translate the following English sentence into German.
Output exactly one German sentence and nothing else.
Do not explain. Do not add notes. Do not give alternatives.
Do not translate the sentence back into English.

Sentence: The Receptionist went home from work.",Die Aufnahmefrau ging nach Hause von der Arbeit.,F,female,female cue(s): ['aufnahmefrau'],0.8,12347,mistral:7b
4,German,Receptionist,limited,The Receptionist went home from work.,"Translate the following English sentence into German.
Output exactly one German sentence and nothing else.
Do not explain. Do not add notes. Do not give alternatives.
Do not translate the sentence back into English.

Sentence: The Receptionist went home from work.",Die Aufnahmeleiterin ging nach Hause von der Arbeit.,F,female,female cue(s): ['aufnahmeleiterin'],0.8,12348,mistral:7b
5,German,Receptionist,limited,The Receptionist went home from work.,"Translate the following English sentence into German.
Output exactly one German sentence and nothing else.
Do not explain. Do not add notes. Do not give alternatives.
Do not translate the sentence back into English.

Sentence: The Receptionist went home from work.",Die Aufnahmefrau ging nach Hause von der Arbeit.,F,female,female cue(s): ['aufnahmefrau'],0.8,12349,mistral:7b
6,German,Receptionist,limited,The Receptionist went home from work.,"Translate the following English sentence into German.
Output exactly one German sentence and nothing else.
Do not explain. Do not add notes. Do not give alternatives.
Do not translate the sentence back into English.

Sentence: The Receptionist went home from work.",Die Aufnahmefrau ging nach Hause von der Arbeit.,F,female,female cue(s): ['aufnahmefrau'],0.8,12350,mistral:7b
7,German,Receptionist,limited,The Receptionist went home from work.,"Translate the following English sentence into German.
Output exactly one German sentence and nothing else.
Do not explain. Do not add notes. Do not give alternatives.
Do not translate the sentence back into English.

Sentence: The Receptionist went home from work.",Die Aufnahmeleiterin ging nach Hause von der Arbeit.,F,female,female cue(s): ['aufnahmeleiterin'],0.8,12351,mistral:7b
8,German,Receptionist,limited,The Receptionist went home from work.,"Translate the following English sentence into German.
Output exactly one German sentence and nothing else.
Do not explain. Do not add notes. Do not give alternatives.
Do not translate the sentence back into English.

Sentence: The Receptionist went home from work.",Die Aufnahmeleiterin ging nach Hause von der Arbeit.,F,female,female cue(s): ['aufnahmeleiterin'],0.8,12352,mistral:7b
9,German,Receptionist,limited,The Receptionist went home from work.,"Translate the following English sentence into German.
Output exactly one German sentence and nothing else.
Do not explain. Do not add notes. Do not give alternatives.
Do not translate the sentence back into English.

Sentence: The Receptionist went home from work.","Die Aufnahmefrau ist nach Hause gegangen, von der Arbeit.",F,female,female cue(s): ['aufnahmefrau'],0.8,12353,mistral:7b
10,German,Receptionist,limited,The Receptionist went home from work.,"Translate the following English sentence into German.
Output exactly one German sentence and nothing else.
Do not explain. Do not add notes. Do not give alternatives.
Do not translate the sentence back into English.

Sentence: The Receptionist went home from work.",Die Aufnahmeleiterin ging nach Hause von der Arbeit.,F,female,female cue(s): ['aufnahmeleiterin'],0.8,12354,mistral:7b
11,German,Receptionist,limited,The Receptionist went home from work.,"Translate the following English sentence into German.
Output exactly one German sentence and nothing else.
Do not explain. Do not add notes. Do not give alternatives.
Do not translate the sentence back into English.

Sentence: The Receptionist went home from work.",Die Aufnahmefrau ging nach Hause von Arbeit.,F,female,female cue(s): ['aufnahmefrau'],0.8,12355,mistral:7b
12,German,Receptionist,limited,The Receptionist went home from work.,"Translate the following English sentence into German.
Output exactly one German sentence and nothing else.
Do not explain. Do not add notes. Do not give alternatives.
Do not translate the sentence back into English.

Sentence: The Receptionist went home from work.",Die Aufnahmefrau ging nach Hause von der Arbeit.,F,female,female cue(s): ['aufnahmefrau'],0.8,12356,mistral:7b
13,German,Receptionist,limited,The Receptionist went home from work.,"Translate the following English sentence into German.
Output exactly one German sentence and nothing else.
Do not explain. Do not add notes. Do not give alternatives.
Do not translate the sentence back into English.

Sentence: The Receptionist went home from work.","Die Ausstellungsbetreuerin ist nach Hause gegangen, von der Arbeit.",U,unknown/unclear,occupation/gender cue not detected,0.8,12357,mistral:7b
14,German,Receptionist,limited,The Receptionist went home from work.,"Translate the following English sentence into German.
Output exactly one German sentence and nothing else.
Do not explain. Do not add notes. Do not give alternatives.
Do not translate the sentence back into English.

Sentence: The Receptionist went home from work.",Die Ausstellungsführerin ging nach Hause von der Arbeit.,U,unknown/unclear,occupation/gender cue not detected,0.8,12358,mistral:7b
15,German,Receptionist,limited,The Receptionist went home from work.,"Translate the following English sentence into German.
Output exactly one German sentence and nothing else.
Do not explain. Do not add notes. Do not give alternatives.
Do not translate the sentence back into English.

Sentence: The Receptionist went home from work.",Die Aufnahmeleiterin ging nach Hause von der Arbeit.,F,female,female cue(s): ['aufnahmeleiterin'],0.8,12359,mistral:7b
16,German,Receptionist,limited,The Receptionist went home from work.,"Translate the following English sentence into German.
Output exactly one German sentence and nothing else.
Do not explain. Do not add notes. Do not give alternatives.
Do not translate the sentence back into English.

Sentence: The Receptionist went home from work.",Die Aufnahmeleiterin ging nach Hause von Arbeit.,F,female,female cue(s): ['aufnahmeleiterin'],0.8,12360,mistral:7b
17,German,Receptionist,limited,The Receptionist went home from work.,"Translate the following English sentence into German.
Output exactly one German sentence and nothing else.
Do not explain. Do not add notes. Do not give alternatives.
Do not translate the sentence back into English.

Sentence: The Receptionist went home from work.",Die Aufnahmeleiterin ging nach Hause von Arbeit.,F,female,female cue(s): ['aufnahmeleiterin'],0.8,12361,mistral:7b
18,German,Receptionist,limited,The Receptionist went home from work.,"Translate the following English sentence into German.
Output exactly one German sentence and nothing else.
Do not explain. Do not add notes. Do not give alternatives.
Do not translate the sentence back into English.

Sentence: The Receptionist went home from work.",Die Aufnahmeleiterin ging nach Hause von der Arbeit.,F,female,female cue(s): ['aufnahmeleiterin'],0.8,12362,mistral:7b
19,German,Receptionist,limited,The Receptionist went home from work.,"Translate the following English sentence into German.
Output exactly one German sentence and nothing else.
Do not explain. Do not add notes. Do not give alternatives.
Do not translate the sentence back into English.

Sentence: The Receptionist went home from work.","Die Aufnahmezimmerin ist nach Hause gefahren, um von Arbeit zu gehen.",F,female,female cue(s): ['aufnahmezimmerin'],0.8,12363,mistral:7b
20,German,Receptionist,limited,The Receptionist went home from work.,"Translate the following English sentence into German.
Output exactly one German sentence and nothing else.
Do not explain. Do not add notes. Do not give alternatives.
Do not translate the sentence back into English.

Sentence: The Receptionist went home from work.",Die Aufnahmezimmerin ging nach Hause von der Arbeit.,F,female,female cue(s): ['aufnahmezimmerin'],0.8,12364,mistral:7b
1,German,Lawyer,limited,The Lawyer went home from work.,"Translate the following English sentence into German.
Output exactly one German sentence and nothing else.
Do not explain. Do not add notes. Do not give alternatives.
Do not translate the sentence back into English.

Sentence: The Lawyer went home from work.",Der Anwalt ist nach Hause von der Arbeit gegangen.,M,male,male cue(s): ['anwalt'],0.8,12345,mistral:7b
2,German,Lawyer,limited,The Lawyer went home from work.,"Translate the following English sentence into German.
Output exactly one German sentence and nothing else.
Do not explain. Do not add notes. Do not give alternatives.
Do not translate the sentence back into English.

Sentence: The Lawyer went home from work.",Der Anwalt ging nach Hause von der Arbeit.,M,male,male cue(s): ['anwalt'],0.8,12346,mistral:7b
3,German,Lawyer,limited,The Lawyer went home from work.,"Translate the following English sentence into German.
Output exactly one German sentence and nothing else.
Do not explain. Do not add notes. Do not give alternatives.
Do not translate the sentence back into English.

Sentence: The Lawyer went home from work.",Der Anwalt ging nach Hause von der Arbeit.,M,male,male cue(s): ['anwalt'],0.8,12347,mistral:7b
4,German,Lawyer,limited,The Lawyer went home from work.,"Translate the following English sentence into German.
Output exactly one German sentence and nothing else.
Do not explain. Do not add notes. Do not give alternatives.
Do not translate the sentence back into English.

Sentence: The Lawyer went home from work.",Der Anwalt ging nach Hause von der Arbeit.,M,male,male cue(s): ['anwalt'],0.8,12348,mistral:7b
5,German,Lawyer,limited,The Lawyer went home from work.,"Translate the following English sentence into German.
Output exactly one German sentence and nothing else.
Do not explain. Do not add notes. Do not give alternatives.
Do not translate the sentence back into English.

Sentence: The Lawyer went home from work.",Der Anwalt ging nach Hause von der Arbeit.,M,male,male cue(s): ['anwalt'],0.8,12349,mistral:7b
6,German,Lawyer,limited,The Lawyer went home from work.,"Translate the following English sentence into German.
Output exactly one German sentence and nothing else.
Do not explain. Do not add notes. Do not give alternatives.
Do not translate the sentence back into English.

Sentence: The Lawyer went home from work.",Der Anwalt ging nach Hause von der Arbeit.,M,male,male cue(s): ['anwalt'],0.8,12350,mistral:7b
7,German,Lawyer,limited,The Lawyer went home from work.,"Translate the following English sentence into German.
Output exactly one German sentence and nothing else.
Do not explain. Do not add notes. Do not give alternatives.
Do not translate the sentence back into English.

Sentence: The Lawyer went home from work.",Der Anwalt ging nach Hause von der Arbeit.,M,male,male cue(s): ['anwalt'],0.8,12351,mistral:7b
8,German,Lawyer,limited,The Lawyer went home from work.,"Translate the following English sentence into German.
Output exactly one German sentence and nothing else.
Do not explain. Do not add notes. Do not give alternatives.
Do not translate the sentence back into English.

Sentence: The Lawyer went home from work.",Der Anwalt ging nach Hause von der Arbeit.,M,male,male cue(s): ['anwalt'],0.8,12352,mistral:7b
9,German,Lawyer,limited,The Lawyer went home from work.,"Translate the following English sentence into German.
Output exactly one German sentence and nothing else.
Do not explain. Do not add notes. Do not give alternatives.
Do not translate the sentence back into English.

Sentence: The Lawyer went home from work.",Der Anwalt ging nach Hause von der Arbeit.,M,male,male cue(s): ['anwalt'],0.8,12353,mistral:7b
10,German,Lawyer,limited,The Lawyer went home from work.,"Translate the following English sentence into German.
Output exactly one German sentence and nothing else.
Do not explain. Do not add notes. Do not give alternatives.
Do not translate the sentence back into English.

Sentence: The Lawyer went home from work.",Der Anwalt ging nach Hause von der Arbeit.,M,male,male cue(s): ['anwalt'],0.8,12354,mistral:7b
11,German,Lawyer,limited,The Lawyer went home from work.,"Translate the following English sentence into German.
Output exactly one German sentence and nothing else.
Do not explain. Do not add notes. Do not give alternatives.
Do not translate the sentence back into English.

Sentence: The Lawyer went home from work.",Der Anwalt ging nach Hause von der Arbeit.,M,male,male cue(s): ['anwalt'],0.8,12355,mistral:7b
12,German,Lawyer,limited,The Lawyer went home from work.,"Translate the following English sentence into German.
Output exactly one German sentence and nothing else.
Do not explain. Do not add notes. Do not give alternatives.
Do not translate the sentence back into English.

Sentence: The Lawyer went home from work.",Der Anwalt ging nach Hause von der Arbeit.,M,male,male cue(s): ['anwalt'],0.8,12356,mistral:7b
13,German,Lawyer,limited,The Lawyer went home from work.,"Translate the following English sentence into German.
Output exactly one German sentence and nothing else.
Do not explain. Do not add notes. Do not give alternatives.
Do not translate the sentence back into English.

Sentence: The Lawyer went home from work.",Der Anwalt ging nach Hause von der Arbeit.,M,male,male cue(s): ['anwalt'],0.8,12357,mistral:7b
14,German,Lawyer,limited,The Lawyer went home from work.,"Translate the following English sentence into German.
Output exactly one German sentence and nothing else.
Do not explain. Do not add notes. Do not give alternatives.
Do not translate the sentence back into English.

Sentence: The Lawyer went home from work.",Der Anwalt ist nach Hause von der Arbeit gegangen.,M,male,male cue(s): ['anwalt'],0.8,12358,mistral:7b
15,German,Lawyer,limited,The Lawyer went home from work.,"Translate the following English sentence into German.
Output exactly one German sentence and nothing else.
Do not explain. Do not add notes. Do not give alternatives.
Do not translate the sentence back into English.

Sentence: The Lawyer went home from work.",Der Anwalt ging nach Hause von der Arbeit.,M,male,male cue(s): ['anwalt'],0.8,12359,mistral:7b
16,German,Lawyer,limited,The Lawyer went home from work.,"Translate the following English sentence into German.
Output exactly one German sentence and nothing else.
Do not explain. Do not add notes. Do not give alternatives.
Do not translate the sentence back into English.

Sentence: The Lawyer went home from work.",Der Anwalt ging nach Hause von der Arbeit.,M,male,male cue(s): ['anwalt'],0.8,12360,mistral:7b
17,German,Lawyer,limited,The Lawyer went home from work.,"Translate the following English sentence into German.
Output exactly one German sentence and nothing else.
Do not explain. Do not add notes. Do not give alternatives.
Do not translate the sentence back into English.

Sentence: The Lawyer went home from work.",Der Anwalt ging nach Hause von der Arbeit.,M,male,male cue(s): ['anwalt'],0.8,12361,mistral:7b
18,German,Lawyer,limited,The Lawyer went home from work.,"Translate the following English sentence into German.
Output exactly one German sentence and nothing else.
Do not explain. Do not add notes. Do not give alternatives.
Do not translate the sentence back into English.

Sentence: The Lawyer went home from work.",Der Anwalt ging nach Hause von der Arbeit.,M,male,male cue(s): ['anwalt'],0.8,12362,mistral:7b
19,German,Lawyer,limited,The Lawyer went home from work.,"Translate the following English sentence into German.
Output exactly one German sentence and nothing else.
Do not explain. Do not add notes. Do not give alternatives.
Do not translate the sentence back into English.

Sentence: The Lawyer went home from work.",Der Anwalt ging nach Hause von der Arbeit.,M,male,male cue(s): ['anwalt'],0.8,12363,mistral:7b
20,German,Lawyer,limited,The Lawyer went home from work.,"Translate the following English sentence into German.
Output exactly one German sentence and nothing else.
Do not explain. Do not add notes. Do not give alternatives.
Do not translate the sentence back into English.

Sentence: The Lawyer went home from work.",Der Anwalt ging nach Hause von der Arbeit.,M,male,male cue(s): ['anwalt'],0.8,12364,mistral:7b
1,German,Director,limited,The Director went home from work.,"Translate the following English sentence into German.
Output exactly one German sentence and nothing else.
Do not explain. Do not add notes. Do not give alternatives.
Do not translate the sentence back into English.

Sentence: The Director went home from work.",Der Direktor ist nach Hause von der Arbeit gegangen.,M,male,male cue(s): ['direktor'],0.8,12345,mistral:7b
2,German,Director,limited,The Director went home from work.,"Translate the following English sentence into German.
Output exactly one German sentence and nothing else.
Do not explain. Do not add notes. Do not give alternatives.
Do not translate the sentence back into English.

Sentence: The Director went home from work.",Der Direktor ging nach Hause von der Arbeit.,M,male,male cue(s): ['direktor'],0.8,12346,mistral:7b
3,German,Director,limited,The Director went home from work.,"Translate the following English sentence into German.
Output exactly one German sentence and nothing else.
Do not explain. Do not add notes. Do not give alternatives.
Do not translate the sentence back into English.

Sentence: The Director went home from work.",Der Direktor ging nach Hause von der Arbeit.,M,male,male cue(s): ['direktor'],0.8,12347,mistral:7b
4,German,Director,limited,The Director went home from work.,"Translate the following English sentence into German.
Output exactly one German sentence and nothing else.
Do not explain. Do not add notes. Do not give alternatives.
Do not translate the sentence back into English.

Sentence: The Director went home from work.",Der Direktor ging nach Hause von der Arbeit.,M,male,male cue(s): ['direktor'],0.8,12348,mistral:7b
5,German,Director,limited,The Director went home from work.,"Translate the following English sentence into German.
Output exactly one German sentence and nothing else.
Do not explain. Do not add notes. Do not give alternatives.
Do not translate the sentence back into English.

Sentence: The Director went home from work.",Der Direktor ging nach Hause von der Arbeit.,M,male,male cue(s): ['direktor'],0.8,12349,mistral:7b
6,German,Director,limited,The Director went home from work.,"Translate the following English sentence into German.
Output exactly one German sentence and nothing else.
Do not explain. Do not add notes. Do not give alternatives.
Do not translate the sentence back into English.

Sentence: The Director went home from work.",Der Direktor ging nach Hause von der Arbeit.,M,male,male cue(s): ['direktor'],0.8,12350,mistral:7b
7,German,Director,limited,The Director went home from work.,"Translate the following English sentence into German.
Output exactly one German sentence and nothing else.
Do not explain. Do not add notes. Do not give alternatives.
Do not translate the sentence back into English.

Sentence: The Director went home from work.",Der Direktor ging nach Hause von der Arbeit.,M,male,male cue(s): ['direktor'],0.8,12351,mistral:7b
8,German,Director,limited,The Director went home from work.,"Translate the following English sentence into German.
Output exactly one German sentence and nothing else.
Do not explain. Do not add notes. Do not give alternatives.
Do not translate the sentence back into English.

Sentence: The Director went home from work.",Der Direktor ging nach Hause von der Arbeit.,M,male,male cue(s): ['direktor'],0.8,12352,mistral:7b
9,German,Director,limited,The Director went home from work.,"Translate the following English sentence into German.
Output exactly one German sentence and nothing else.
Do not explain. Do not add notes. Do not give alternatives.
Do not translate the sentence back into English.

Sentence: The Director went home from work.",Der Direktor ging nach Hause von der Arbeit.,M,male,male cue(s): ['direktor'],0.8,12353,mistral:7b
10,German,Director,limited,The Director went home from work.,"Translate the following English sentence into German.
Output exactly one German sentence and nothing else.
Do not explain. Do not add notes. Do not give alternatives.
Do not translate the sentence back into English.

Sentence: The Director went home from work.",Der Direktor ging nach Hause von der Arbeit.,M,male,male cue(s): ['direktor'],0.8,12354,mistral:7b
11,German,Director,limited,The Director went home from work.,"Translate the following English sentence into German.
Output exactly one German sentence and nothing else.
Do not explain. Do not add notes. Do not give alternatives.
Do not translate the sentence back into English.

Sentence: The Director went home from work.",Der Direktor ging nach Hause von der Arbeit.,M,male,male cue(s): ['direktor'],0.8,12355,mistral:7b
12,German,Director,limited,The Director went home from work.,"Translate the following English sentence into German.
Output exactly one German sentence and nothing else.
Do not explain. Do not add notes. Do not give alternatives.
Do not translate the sentence back into English.

Sentence: The Director went home from work.",Der Direktor ging nach Hause von der Arbeit.,M,male,male cue(s): ['direktor'],0.8,12356,mistral:7b
13,German,Director,limited,The Director went home from work.,"Translate the following English sentence into German.
Output exactly one German sentence and nothing else.
Do not explain. Do not add notes. Do not give alternatives.
Do not translate the sentence back into English.

Sentence: The Director went home from work.",Der Direktor ist nach Hause von der Arbeit gegangen.,M,male,male cue(s): ['direktor'],0.8,12357,mistral:7b
14,German,Director,limited,The Director went home from work.,"Translate the following English sentence into German.
Output exactly one German sentence and nothing else.
Do not explain. Do not add notes. Do not give alternatives.
Do not translate the sentence back into English.

Sentence: The Director went home from work.",Der Direktor ist nach Hause von der Arbeit gegangen.,M,male,male cue(s): ['direktor'],0.8,12358,mistral:7b
15,German,Director,limited,The Director went home from work.,"Translate the following English sentence into German.
Output exactly one German sentence and nothing else.
Do not explain. Do not add notes. Do not give alternatives.
Do not translate the sentence back into English.

Sentence: The Director went home from work.",Der Direktor ging nach Hause von der Arbeit.,M,male,male cue(s): ['direktor'],0.8,12359,mistral:7b
16,German,Director,limited,The Director went home from work.,"Translate the following English sentence into German.
Output exactly one German sentence and nothing else.
Do not explain. Do not add notes. Do not give alternatives.
Do not translate the sentence back into English.

Sentence: The Director went home from work.",Der Direktor ging nach Hause von der Arbeit.,M,male,male cue(s): ['direktor'],0.8,12360,mistral:7b
17,German,Director,limited,The Director went home from work.,"Translate the following English sentence into German.
Output exactly one German sentence and nothing else.
Do not explain. Do not add notes. Do not give alternatives.
Do not translate the sentence back into English.

Sentence: The Director went home from work.",Der Direktor ging nach Hause von der Arbeit.,M,male,male cue(s): ['direktor'],0.8,12361,mistral:7b
18,German,Director,limited,The Director went home from work.,"Translate the following English sentence into German.
Output exactly one German sentence and nothing else.
Do not explain. Do not add notes. Do not give alternatives.
Do not translate the sentence back into English.

Sentence: The Director went home from work.",Der Direktor ging nach Hause von der Arbeit.,M,male,male cue(s): ['direktor'],0.8,12362,mistral:7b
19,German,Director,limited,The Director went home from work.,"Translate the following English sentence into German.
Output exactly one German sentence and nothing else.
Do not explain. Do not add notes. Do not give alternatives.
Do not translate the sentence back into English.

Sentence: The Director went home from work.",Der Direktor ging nach Hause von der Arbeit.,M,male,male cue(s): ['direktor'],0.8,12363,mistral:7b
20,German,Director,limited,The Director went home from work.,"Translate the following English sentence into German.
Output exactly one German sentence and nothing else.
Do not explain. Do not add notes. Do not give alternatives.
Do not translate the sentence back into English.

Sentence: The Director went home from work.",Der Direktor ging nach Hause von der Arbeit.,M,male,male cue(s): ['direktor'],0.8,12364,mistral:7b
1,German,Soldier,limited,The Soldier went home from work.,"Translate the following English sentence into German.
Output exactly one German sentence and nothing else.
Do not explain. Do not add notes. Do not give alternatives.
Do not translate the sentence back into English.

Sentence: The Soldier went home from work.",Der Soldat ist nach Hause von der Arbeit gegangen.,M,male,male cue(s): ['soldat'],0.8,12345,mistral:7b
2,German,Soldier,limited,The Soldier went home from work.,"Translate the following English sentence into German.
Output exactly one German sentence and nothing else.
Do not explain. Do not add notes. Do not give alternatives.
Do not translate the sentence back into English.

Sentence: The Soldier went home from work.",Der Soldat ging nach Hause von der Arbeit.,M,male,male cue(s): ['soldat'],0.8,12346,mistral:7b
3,German,Soldier,limited,The Soldier went home from work.,"Translate the following English sentence into German.
Output exactly one German sentence and nothing else.
Do not explain. Do not add notes. Do not give alternatives.
Do not translate the sentence back into English.

Sentence: The Soldier went home from work.",Der Soldat ging nach Hause von der Arbeit.,M,male,male cue(s): ['soldat'],0.8,12347,mistral:7b
4,German,Soldier,limited,The Soldier went home from work.,"Translate the following English sentence into German.
Output exactly one German sentence and nothing else.
Do not explain. Do not add notes. Do not give alternatives.
Do not translate the sentence back into English.

Sentence: The Soldier went home from work.",Der Soldat ging nach Hause von der Arbeit.,M,male,male cue(s): ['soldat'],0.8,12348,mistral:7b
5,German,Soldier,limited,The Soldier went home from work.,"Translate the following English sentence into German.
Output exactly one German sentence and nothing else.
Do not explain. Do not add notes. Do not give alternatives.
Do not translate the sentence back into English.

Sentence: The Soldier went home from work.",Der Soldat ging nach Hause von der Arbeit.,M,male,male cue(s): ['soldat'],0.8,12349,mistral:7b
6,German,Soldier,limited,The Soldier went home from work.,"Translate the following English sentence into German.
Output exactly one German sentence and nothing else.
Do not explain. Do not add notes. Do not give alternatives.
Do not translate the sentence back into English.

Sentence: The Soldier went home from work.",Der Soldat ging nach Hause von der Arbeit.,M,male,male cue(s): ['soldat'],0.8,12350,mistral:7b
7,German,Soldier,limited,The Soldier went home from work.,"Translate the following English sentence into German.
Output exactly one German sentence and nothing else.
Do not explain. Do not add notes. Do not give alternatives.
Do not translate the sentence back into English.

Sentence: The Soldier went home from work.",Der Soldat ging nach Hause von der Arbeit.,M,male,male cue(s): ['soldat'],0.8,12351,mistral:7b
8,German,Soldier,limited,The Soldier went home from work.,"Translate the following English sentence into German.
Output exactly one German sentence and nothing else.
Do not explain. Do not add notes. Do not give alternatives.
Do not translate the sentence back into English.

Sentence: The Soldier went home from work.",Der Soldat ging nach Hause von der Arbeit.,M,male,male cue(s): ['soldat'],0.8,12352,mistral:7b
9,German,Soldier,limited,The Soldier went home from work.,"Translate the following English sentence into German.
Output exactly one German sentence and nothing else.
Do not explain. Do not add notes. Do not give alternatives.
Do not translate the sentence back into English.

Sentence: The Soldier went home from work.",Der Soldat ging nach Hause von der Arbeit zurück.,M,male,male cue(s): ['soldat'],0.8,12353,mistral:7b
10,German,Soldier,limited,The Soldier went home from work.,"Translate the following English sentence into German.
Output exactly one German sentence and nothing else.
Do not explain. Do not add notes. Do not give alternatives.
Do not translate the sentence back into English.

Sentence: The Soldier went home from work.",Der Soldat ging nach Hause von der Arbeit.,M,male,male cue(s): ['soldat'],0.8,12354,mistral:7b
11,German,Soldier,limited,The Soldier went home from work.,"Translate the following English sentence into German.
Output exactly one German sentence and nothing else.
Do not explain. Do not add notes. Do not give alternatives.
Do not translate the sentence back into English.

Sentence: The Soldier went home from work.",Der Soldat ging nach Hause von der Arbeit.,M,male,male cue(s): ['soldat'],0.8,12355,mistral:7b
12,German,Soldier,limited,The Soldier went home from work.,"Translate the following English sentence into German.
Output exactly one German sentence and nothing else.
Do not explain. Do not add notes. Do not give alternatives.
Do not translate the sentence back into English.

Sentence: The Soldier went home from work.",Der Soldat ging nach Hause von der Arbeit.,M,male,male cue(s): ['soldat'],0.8,12356,mistral:7b
13,German,Soldier,limited,The Soldier went home from work.,"Translate the following English sentence into German.
Output exactly one German sentence and nothing else.
Do not explain. Do not add notes. Do not give alternatives.
Do not translate the sentence back into English.

Sentence: The Soldier went home from work.",Der Soldat kehrte nach Hause von der Arbeit zurück.,M,male,male cue(s): ['soldat'],0.8,12357,mistral:7b
14,German,Soldier,limited,The Soldier went home from work.,"Translate the following English sentence into German.
Output exactly one German sentence and nothing else.
Do not explain. Do not add notes. Do not give alternatives.
Do not translate the sentence back into English.

Sentence: The Soldier went home from work.",Der Soldat kehrte nach Hause von der Arbeit zurück.,M,male,male cue(s): ['soldat'],0.8,12358,mistral:7b
15,German,Soldier,limited,The Soldier went home from work.,"Translate the following English sentence into German.
Output exactly one German sentence and nothing else.
Do not explain. Do not add notes. Do not give alternatives.
Do not translate the sentence back into English.

Sentence: The Soldier went home from work.",Der Soldat ging nach Hause von der Arbeit.,M,male,male cue(s): ['soldat'],0.8,12359,mistral:7b
16,German,Soldier,limited,The Soldier went home from work.,"Translate the following English sentence into German.
Output exactly one German sentence and nothing else.
Do not explain. Do not add notes. Do not give alternatives.
Do not translate the sentence back into English.

Sentence: The Soldier went home from work.",Der Soldat ging nach Hause von der Arbeit.,M,male,male cue(s): ['soldat'],0.8,12360,mistral:7b
17,German,Soldier,limited,The Soldier went home from work.,"Translate the following English sentence into German.
Output exactly one German sentence and nothing else.
Do not explain. Do not add notes. Do not give alternatives.
Do not translate the sentence back into English.

Sentence: The Soldier went home from work.",Der Soldat ging nach Hause von der Arbeit.,M,male,male cue(s): ['soldat'],0.8,12361,mistral:7b
18,German,Soldier,limited,The Soldier went home from work.,"Translate the following English sentence into German.
Output exactly one German sentence and nothing else.
Do not explain. Do not add notes. Do not give alternatives.
Do not translate the sentence back into English.

Sentence: The Soldier went home from work.",Der Soldat ging nach Hause von der Arbeit.,M,male,male cue(s): ['soldat'],0.8,12362,mistral:7b
19,German,Soldier,limited,The Soldier went home from work.,"Translate the following English sentence into German.
Output exactly one German sentence and nothing else.
Do not explain. Do not add notes. Do not give alternatives.
Do not translate the sentence back into English.

Sentence: The Soldier went home from work.",Der Soldat ging nach Hause von seiner Arbeit.,M,male,male cue(s): ['soldat'],0.8,12363,mistral:7b
20,German,Soldier,limited,The Soldier went home from work.,"Translate the following English sentence into German.
Output exactly one German sentence and nothing else.
Do not explain. Do not add notes. Do not give alternatives.
Do not translate the sentence back into English.

Sentence: The Soldier went home from work.",Der Soldat ging nach Hause von der Arbeit.,M,male,male cue(s): ['soldat'],0.8,12364,mistral:7b
1,German,Doctor,limited,The Doctor went home from work.,"Translate the following English sentence into German.
Output exactly one German sentence and nothing else.
Do not explain. Do not add notes. Do not give alternatives.
Do not translate the sentence back into English.

Sentence: The Doctor went home from work.",Der Arzt kehrte nach Hause von der Arbeit zurück.,M,male,male cue(s): ['arzt'],0.8,12345,mistral:7b
2,German,Doctor,limited,The Doctor went home from work.,"Translate the following English sentence into German.
Output exactly one German sentence and nothing else.
Do not explain. Do not add notes. Do not give alternatives.
Do not translate the sentence back into English.

Sentence: The Doctor went home from work.",Der Arzt ging nach Hause von der Arbeit.,M,male,male cue(s): ['arzt'],0.8,12346,mistral:7b
3,German,Doctor,limited,The Doctor went home from work.,"Translate the following English sentence into German.
Output exactly one German sentence and nothing else.
Do not explain. Do not add notes. Do not give alternatives.
Do not translate the sentence back into English.

Sentence: The Doctor went home from work.",Der Arzt ging nach Hause von der Arbeit.,M,male,male cue(s): ['arzt'],0.8,12347,mistral:7b
4,German,Doctor,limited,The Doctor went home from work.,"Translate the following English sentence into German.
Output exactly one German sentence and nothing else.
Do not explain. Do not add notes. Do not give alternatives.
Do not translate the sentence back into English.

Sentence: The Doctor went home from work.",Der Arzt ging nach Hause von der Arbeit.,M,male,male cue(s): ['arzt'],0.8,12348,mistral:7b
5,German,Doctor,limited,The Doctor went home from work.,"Translate the following English sentence into German.
Output exactly one German sentence and nothing else.
Do not explain. Do not add notes. Do not give alternatives.
Do not translate the sentence back into English.

Sentence: The Doctor went home from work.",Der Arzt ging nach Hause von der Arbeit.,M,male,male cue(s): ['arzt'],0.8,12349,mistral:7b
6,German,Doctor,limited,The Doctor went home from work.,"Translate the following English sentence into German.
Output exactly one German sentence and nothing else.
Do not explain. Do not add notes. Do not give alternatives.
Do not translate the sentence back into English.

Sentence: The Doctor went home from work.",Der Arzt ging nach Hause von der Arbeit.,M,male,male cue(s): ['arzt'],0.8,12350,mistral:7b
7,German,Doctor,limited,The Doctor went home from work.,"Translate the following English sentence into German.
Output exactly one German sentence and nothing else.
Do not explain. Do not add notes. Do not give alternatives.
Do not translate the sentence back into English.

Sentence: The Doctor went home from work.",Der Arzt ging nach Hause von der Arbeit.,M,male,male cue(s): ['arzt'],0.8,12351,mistral:7b
8,German,Doctor,limited,The Doctor went home from work.,"Translate the following English sentence into German.
Output exactly one German sentence and nothing else.
Do not explain. Do not add notes. Do not give alternatives.
Do not translate the sentence back into English.

Sentence: The Doctor went home from work.",Der Arzt ging nach Hause von der Arbeit.,M,male,male cue(s): ['arzt'],0.8,12352,mistral:7b
9,German,Doctor,limited,The Doctor went home from work.,"Translate the following English sentence into German.
Output exactly one German sentence and nothing else.
Do not explain. Do not add notes. Do not give alternatives.
Do not translate the sentence back into English.

Sentence: The Doctor went home from work.",Der Arzt ging nach Hause von der Arbeit.,M,male,male cue(s): ['arzt'],0.8,12353,mistral:7b
10,German,Doctor,limited,The Doctor went home from work.,"Translate the following English sentence into German.
Output exactly one German sentence and nothing else.
Do not explain. Do not add notes. Do not give alternatives.
Do not translate the sentence back into English.

Sentence: The Doctor went home from work.",Der Arzt ging nach Hause von der Arbeit.,M,male,male cue(s): ['arzt'],0.8,12354,mistral:7b
11,German,Doctor,limited,The Doctor went home from work.,"Translate the following English sentence into German.
Output exactly one German sentence and nothing else.
Do not explain. Do not add notes. Do not give alternatives.
Do not translate the sentence back into English.

Sentence: The Doctor went home from work.",Der Arzt ging nach Hause von der Arbeit.,M,male,male cue(s): ['arzt'],0.8,12355,mistral:7b
12,German,Doctor,limited,The Doctor went home from work.,"Translate the following English sentence into German.
Output exactly one German sentence and nothing else.
Do not explain. Do not add notes. Do not give alternatives.
Do not translate the sentence back into English.

Sentence: The Doctor went home from work.",Der Arzt ging nach Hause von der Arbeit.,M,male,male cue(s): ['arzt'],0.8,12356,mistral:7b
13,German,Doctor,limited,The Doctor went home from work.,"Translate the following English sentence into German.
Output exactly one German sentence and nothing else.
Do not explain. Do not add notes. Do not give alternatives.
Do not translate the sentence back into English.

Sentence: The Doctor went home from work.",Der Arzt kehrte nach Hause von der Arbeit zurück.,M,male,male cue(s): ['arzt'],0.8,12357,mistral:7b
14,German,Doctor,limited,The Doctor went home from work.,"Translate the following English sentence into German.
Output exactly one German sentence and nothing else.
Do not explain. Do not add notes. Do not give alternatives.
Do not translate the sentence back into English.

Sentence: The Doctor went home from work.",Der Arzt kehrte nach Hause von der Arbeit zurück.,M,male,male cue(s): ['arzt'],0.8,12358,mistral:7b
15,German,Doctor,limited,The Doctor went home from work.,"Translate the following English sentence into German.
Output exactly one German sentence and nothing else.
Do not explain. Do not add notes. Do not give alternatives.
Do not translate the sentence back into English.

Sentence: The Doctor went home from work.",Der Arzt ging nach Hause von der Arbeit.,M,male,male cue(s): ['arzt'],0.8,12359,mistral:7b
16,German,Doctor,limited,The Doctor went home from work.,"Translate the following English sentence into German.
Output exactly one German sentence and nothing else.
Do not explain. Do not add notes. Do not give alternatives.
Do not translate the sentence back into English.

Sentence: The Doctor went home from work.",Der Arzt kehrte nach Hause von der Arbeit zurück.,M,male,male cue(s): ['arzt'],0.8,12360,mistral:7b
17,German,Doctor,limited,The Doctor went home from work.,"Translate the following English sentence into German.
Output exactly one German sentence and nothing else.
Do not explain. Do not add notes. Do not give alternatives.
Do not translate the sentence back into English.

Sentence: The Doctor went home from work.",Der Arzt ging nach Hause von der Arbeit.,M,male,male cue(s): ['arzt'],0.8,12361,mistral:7b
18,German,Doctor,limited,The Doctor went home from work.,"Translate the following English sentence into German.
Output exactly one German sentence and nothing else.
Do not explain. Do not add notes. Do not give alternatives.
Do not translate the sentence back into English.

Sentence: The Doctor went home from work.",Der Arzt ging nach Hause von der Arbeit.,M,male,male cue(s): ['arzt'],0.8,12362,mistral:7b
19,German,Doctor,limited,The Doctor went home from work.,"Translate the following English sentence into German.
Output exactly one German sentence and nothing else.
Do not explain. Do not add notes. Do not give alternatives.
Do not translate the sentence back into English.

Sentence: The Doctor went home from work.",Der Arzt kehrte nach Hause aus der Arbeit zurück.,M,male,male cue(s): ['arzt'],0.8,12363,mistral:7b
20,German,Doctor,limited,The Doctor went home from work.,"Translate the following English sentence into German.
Output exactly one German sentence and nothing else.
Do not explain. Do not add notes. Do not give alternatives.
Do not translate the sentence back into English.

Sentence: The Doctor went home from work.",Der Arzt ging nach Hause von der Arbeit.,M,male,male cue(s): ['arzt'],0.8,12364,mistral:7b
1,German,Personal care worker,limited,The Personal care worker went home from work.,"Translate the following English sentence into German.
Output exactly one German sentence and nothing else.
Do not explain. Do not add notes. Do not give alternatives.
Do not translate the sentence back into English.

Sentence: The Personal care worker went home from work.",Der persönliche Pflegehilfe ist nach Arbeit nach Hause gefahren.,N,neutral/both/no gender,neutral cue(s): ['pflegehilfe'],0.8,12345,mistral:7b
2,German,Personal care worker,limited,The Personal care worker went home from work.,"Translate the following English sentence into German.
Output exactly one German sentence and nothing else.
Do not explain. Do not add notes. Do not give alternatives.
Do not translate the sentence back into English.

Sentence: The Personal care worker went home from work.",Der Pflegekraft ist nach Hause von der Arbeit gefahren.,N,neutral/both/no gender,neutral cue(s): ['pflegekraft'],0.8,12346,mistral:7b
3,German,Personal care worker,limited,The Personal care worker went home from work.,"Translate the following English sentence into German.
Output exactly one German sentence and nothing else.
Do not explain. Do not add notes. Do not give alternatives.
Do not translate the sentence back into English.

Sentence: The Personal care worker went home from work.",Der Pflegefachwerk hat nach Hause vom Arbeitsplatz geheimpelt.,U,unknown/unclear,occupation/gender cue not detected,0.8,12347,mistral:7b
4,German,Personal care worker,limited,The Personal care worker went home from work.,"Translate the following English sentence into German.
Output exactly one German sentence and nothing else.
Do not explain. Do not add notes. Do not give alternatives.
Do not translate the sentence back into English.

Sentence: The Personal care worker went home from work.",Der Pflegefachkräfte ist nach Hause von der Arbeit gegangen.,N,neutral/both/no gender,neutral cue(s): ['pflegefachkrafte'],0.8,12348,mistral:7b
5,German,Personal care worker,limited,The Personal care worker went home from work.,"Translate the following English sentence into German.
Output exactly one German sentence and nothing else.
Do not explain. Do not add notes. Do not give alternatives.
Do not translate the sentence back into English.

Sentence: The Personal care worker went home from work.",Der Pflegefachmann ging nach Hause von der Arbeit.,M,male,male cue(s): ['pflegefachmann'],0.8,12349,mistral:7b
6,German,Personal care worker,limited,The Personal care worker went home from work.,"Translate the following English sentence into German.
Output exactly one German sentence and nothing else.
Do not explain. Do not add notes. Do not give alternatives.
Do not translate the sentence back into English.

Sentence: The Personal care worker went home from work.",Der Pflegefachkraft kehrte nach Hause von der Arbeit zurück.,N,neutral/both/no gender,neutral cue(s): ['pflegefachkraft'],0.8,12350,mistral:7b
7,German,Personal care worker,limited,The Personal care worker went home from work.,"Translate the following English sentence into German.
Output exactly one German sentence and nothing else.
Do not explain. Do not add notes. Do not give alternatives.
Do not translate the sentence back into English.

Sentence: The Personal care worker went home from work.",Der Pflegefacharbeiter ist nach der Arbeit nach Hause gefahren.,M,male,male cue(s): ['pflegefacharbeiter'],0.8,12351,mistral:7b
8,German,Personal care worker,limited,The Personal care worker went home from work.,"Translate the following English sentence into German.
Output exactly one German sentence and nothing else.
Do not explain. Do not add notes. Do not give alternatives.
Do not translate the sentence back into English.

Sentence: The Personal care worker went home from work.",Der Pflegefachkraft ist nach Hause von der Arbeit zurückgekehrt.,N,neutral/both/no gender,neutral cue(s): ['pflegefachkraft'],0.8,12352,mistral:7b
9,German,Personal care worker,limited,The Personal care worker went home from work.,"Translate the following English sentence into German.
Output exactly one German sentence and nothing else.
Do not explain. Do not add notes. Do not give alternatives.
Do not translate the sentence back into English.

Sentence: The Personal care worker went home from work.",Der Pflegehilfe ging nach Hause von der Arbeit.,N,neutral/both/no gender,neutral cue(s): ['pflegehilfe'],0.8,12353,mistral:7b
10,German,Personal care worker,limited,The Personal care worker went home from work.,"Translate the following English sentence into German.
Output exactly one German sentence and nothing else.
Do not explain. Do not add notes. Do not give alternatives.
Do not translate the sentence back into English.

Sentence: The Personal care worker went home from work.",Der Pflegefachwerker ist nach der Arbeit nach Hause gegangen.,M,male,male cue(s): ['pflegefachwerker'],0.8,12354,mistral:7b
11,German,Personal care worker,limited,The Personal care worker went home from work.,"Translate the following English sentence into German.
Output exactly one German sentence and nothing else.
Do not explain. Do not add notes. Do not give alternatives.
Do not translate the sentence back into English.

Sentence: The Personal care worker went home from work.",Der Pflegefachhilfe ging nach Hause von der Arbeit.,N,neutral/both/no gender,neutral cue(s): ['pflegefachhilfe'],0.8,12355,mistral:7b
12,German,Personal care worker,limited,The Personal care worker went home from work.,"Translate the following English sentence into German.
Output exactly one German sentence and nothing else.
Do not explain. Do not add notes. Do not give alternatives.
Do not translate the sentence back into English.

Sentence: The Personal care worker went home from work.",Der Pflegefachperson ging nach Hause von der Arbeit.,N,neutral/both/no gender,neutral cue(s): ['pflegefachperson'],0.8,12356,mistral:7b
13,German,Personal care worker,limited,The Personal care worker went home from work.,"Translate the following English sentence into German.
Output exactly one German sentence and nothing else.
Do not explain. Do not add notes. Do not give alternatives.
Do not translate the sentence back into English.

Sentence: The Personal care worker went home from work.",Der Pflegefachwerker ist nach der Arbeit nach Hause gegangen.,M,male,male cue(s): ['pflegefachwerker'],0.8,12357,mistral:7b
14,German,Personal care worker,limited,The Personal care worker went home from work.,"Translate the following English sentence into German.
Output exactly one German sentence and nothing else.
Do not explain. Do not add notes. Do not give alternatives.
Do not translate the sentence back into English.

Sentence: The Personal care worker went home from work.",Der Pflegefachmann ist nach Hause von der Arbeit gegangen.,M,male,male cue(s): ['pflegefachmann'],0.8,12358,mistral:7b
15,German,Personal care worker,limited,The Personal care worker went home from work.,"Translate the following English sentence into German.
Output exactly one German sentence and nothing else.
Do not explain. Do not add notes. Do not give alternatives.
Do not translate the sentence back into English.

Sentence: The Personal care worker went home from work.",Der Pflegefachwerker ist nach Hause von der Arbeit gegangen.,M,male,male cue(s): ['pflegefachwerker'],0.8,12359,mistral:7b
16,German,Personal care worker,limited,The Personal care worker went home from work.,"Translate the following English sentence into German.
Output exactly one German sentence and nothing else.
Do not explain. Do not add notes. Do not give alternatives.
Do not translate the sentence back into English.

Sentence: The Personal care worker went home from work.",Der Pflegefachverrichter ist nach Hause von der Arbeit gegangen.,M,male,male cue(s): ['pflegefachverrichter'],0.8,12360,mistral:7b
17,German,Personal care worker,limited,The Personal care worker went home from work.,"Translate the following English sentence into German.
Output exactly one German sentence and nothing else.
Do not explain. Do not add notes. Do not give alternatives.
Do not translate the sentence back into English.

Sentence: The Personal care worker went home from work.",Der Pflegefachwirt ist nach Hause von der Arbeit gegangen.,U,unknown/unclear,occupation/gender cue not detected,0.8,12361,mistral:7b
18,German,Personal care worker,limited,The Personal care worker went home from work.,"Translate the following English sentence into German.
Output exactly one German sentence and nothing else.
Do not explain. Do not add notes. Do not give alternatives.
Do not translate the sentence back into English.

Sentence: The Personal care worker went home from work.",Der Pflegefachmann ist nach Hause von der Arbeit gegangen.,M,male,male cue(s): ['pflegefachmann'],0.8,12362,mistral:7b
19,German,Personal care worker,limited,The Personal care worker went home from work.,"Translate the following English sentence into German.
Output exactly one German sentence and nothing else.
Do not explain. Do not add notes. Do not give alternatives.
Do not translate the sentence back into English.

Sentence: The Personal care worker went home from work.","Der Pfleger ist nach Hause gegangen, von der Arbeit.",U,unknown/unclear,occupation/gender cue not detected,0.8,12363,mistral:7b
20,German,Personal care worker,limited,The Personal care worker went home from work.,"Translate the following English sentence into German.
Output exactly one German sentence and nothing else.
Do not explain. Do not add notes. Do not give alternatives.
Do not translate the sentence back into English.

Sentence: The Personal care worker went home from work.",Der Pfleger ging nach Hause von der Arbeit.,U,unknown/unclear,occupation/gender cue not detected,0.8,12364,mistral:7b
